x,eta_pinn,eta_exact
0.0,0.012929110651506709,1.3007645434554606e-25
0.005012531328320802,0.013078901854152832,2.758568055994567e-25
0.010025062656641603,0.013247606815246886,5.820849152515153e-25
0.015037593984962405,0.013435124230901827,1.2220996393174017e-24
0.020050125313283207,0.013641350845426108,2.55296297598135e-24
0.02506265664160401,0.013866182729664753,5.306400760747438e-24
0.03007518796992481,0.014109516358360559,1.0974208469503425e-23
0.03508771929824561,0.014371249489486268,2.2582082759706512e-23
0.040100250626566414,0.014651281851144112,4.623516510479382e-23
0.045112781954887216,0.014949515643968929,9.418862573336313e-23
0.05012531328320802,0.015265855868950745,1.9091591674355829e-22
0.05513784461152882,0.01560021049226304,3.850378676043416e-22
0.06015037593984962,0.015952490459996194,7.726492353408145e-22
0.06516290726817042,0.016322609576712117,1.5426909938923152e-21
0.07017543859649122,0.016710484262441976,3.0647364849989596e-21
0.07518796992481203,0.017116033203196147,6.057939926277057e-21
0.08020050125313283,0.017539176910189008,1.1914461424138657e-20
0.08521303258145363,0.017979837202958135,2.331532630990164e-20
0.09022556390977443,0.018437936631240073,4.5396901310468625e-20
0.09523809523809523,0.018913397850023272,8.794852317122068e-20
0.10025062656641603,0.019406142961559632,1.6953076503896845e-19
0.10526315789473684,0.019916092837342816,3.251517695605811e-19
0.11027568922305764,0.02044316643219519,6.204993791697528e-19
0.11528822055137844,0.02098728010161955,1.1781869556102726e-18
0.12030075187969924,0.02154834693253983,2.2258951247682988e-18
0.12531328320802004,0.02212627609646495,4.184203667646907e-18
0.13032581453634084,0.02272097223299518,7.825976919542038e-18
0.13533834586466165,0.023332334870461605,1.456404254838778e-17
0.14035087719298245,0.023960257889376158,2.696764016823321e-17
0.14536340852130325,0.024604629033254617,4.968457506193007e-17
0.15037593984962405,0.02526532947033556,9.107891413449536e-17
0.15538847117794485,0.025942233408662932,1.6612375455464218e-16
0.16040100250626566,0.026635207766054703,3.0148330058473335e-16
0.16541353383458646,0.027344111895573658,5.443928514764462e-16
0.17042606516290726,0.02806879736627335,9.780908490774916e-16
0.17543859649122806,0.028809107798227887,1.7484918286330058e-15
0.18045112781954886,0.029564878750181434,3.1100376579548213e-15
0.18546365914786966,0.03033593765754783,5.5040873531545565e-15
0.19047619047619047,0.031122103817970596,9.6922055782819e-15
0.19548872180451127,0.03192318842120288,1.698155852002562e-14
0.20050125313283207,0.032738994619745866,2.9603980145982924e-14
0.20551378446115287,0.033569317636384356,5.134998154598157e-14
0.21052631578947367,0.03441394490456398,8.862333904100309e-14
0.21553884711779447,0.03527265623746013,1.5218559799700996e-13
0.22055137844611528,0.03614522402151061,2.600259135536174e-13
0.22556390977443608,0.03703141343023404,4.4205604718490155e-13
0.23057644110275688,0.037930982654221145,7.477487064778241e-13
0.23558897243107768,0.03884368314333121,1.258495405202147e-12
0.24060150375939848,0.039769259857326864,2.1074885680077695e-12
0.24561403508771928,0.04070745152141087,3.511530541885303e-12
0.2506265664160401,0.04165799088340594,5.82163941205943e-12
0.2556390977443609,0.04262060496964104,9.603107343155337e-12
0.2606516290726817,0.04359501533692097,1.5761440039120693e-11
0.2656641604010025,0.04458093831835225,2.573935348835146e-11
0.2706766917293233,0.0455780852611171,4.182317544371653e-11
0.2756892230576441,0.04658616275472193,6.761670485539442e-11
0.2807017543859649,0.047604872848570845,1.0876987535231728e-10
0.2857142857142857,0.04863391325813126,1.7409283134609307e-10
0.2907268170426065,0.04967297755928991,2.772495024575732e-10
0.2957393483709273,0.05072175537086691,4.393172858539243e-10
0.3007518796992481,0.051779932525563364,6.926334118163213e-10
0.3057644110275689,0.05284719122992057,1.0865412348679138e-9
0.3107769423558897,0.05392321021416062,1.6959249021471081e-9
0.3157894736842105,0.05500766487297258,2.633811266419477e-9
0.3208020050125313,0.05610022739856664,4.069867911575079e-9
0.3258145363408521,0.057200566907436926,6.257395520881551e-9
0.3308270676691729,0.05830834956242881,9.572481352028177e-9
0.3358395989974937,0.05942323869179382,1.457045387346536e-8
0.3408521303258145,0.06054489490694654,2.2066795035055563e-8
0.3458646616541353,0.061672976220682456,3.3252405757537046e-8
0.3508771929824561,0.06280713816754324,4.9856812675423444e-8
0.3558897243107769,0.06394703392801247,7.437784304723129e-8
0.3609022556390977,0.0650923144580745,1.1040284829988414e-7
0.3659147869674185,0.0662426286255744,1.6305518203583476e-7
0.37092731829573933,0.06739762335467156,2.3961089572026274e-7
0.37593984962406013,0.06855694377947094,3.5034518173036406e-7
0.38095238095238093,0.06972023340775153,5.096867748520154e-7
0.38596491228070173,0.07088713429548935,7.377822627275756e-7
0.39097744360902253,0.072057287232635,1.0626021358960766e-6
0.39598997493734334,0.07323033194040901,1.5227576446314706e-6
0.40100250626566414,0.0744059072801053,2.171243452102969e-6
0.40601503759398494,0.07558365147318875,3.080377087870091e-6
0.41102756892230574,0.07676320233224722,4.348273737269298e-6
0.41604010025062654,0.07794419750211523,6.107275308173142e-6
0.42105263157894735,0.07912627471031393,8.534847167852547e-6
0.42606516290726815,0.08030907202574152,1.1867565267219387e-5
0.43107769423558895,0.08149222812439148,1.6418940854232096e-5
0.43609022556390975,0.082675382560715,2.2601969125802123e-5
0.44110275689223055,0.08385817604312801,3.095744041206497e-5
0.44611528822055135,0.08504025071206778,4.218921486858429e-5
0.45112781954887216,0.08622125041890001,5.720782946334022e-5
0.45614035087719296,0.08740082100397062,7.71839724627069e-5
0.46115288220551376,0.08857861057203112,0.00010361351634521734
0.46616541353383456,0.08975426976330392,0.00013839593300954295
0.47117794486215536,0.09092745201844608,0.00018392801016240125
0.47619047619047616,0.09209781383577095,0.0002432148265876956
0.48120300751879697,0.09326501501909465,0.00031999990523255
0.48621553884711777,0.09442871891473342,0.0004189163225274071
0.49122807017543857,0.09558859263625587,0.0005456602837137387
0.49624060150375937,0.09674430727572038,0.0007071882495548791
0.5012531328320802,0.09789553810029361,0.0009119380921056685
0.506265664160401,0.09904196473328399,0.0011700739405122078
0.5112781954887218,0.1001832713187962,0.0014937533304349145
0.5162907268170426,0.10131914666937046,0.0018974139775866955
0.5213032581453634,0.10244928439616051,0.0023980759515360005
0.5263157894736842,0.10357338302137,0.003015653237475916
0.531328320802005,0.10469114607283611,0.0037732666640516903
0.5363408521303258,0.1058022821608287,0.004697547986305297
0.5413533834586466,0.10690650503729722,0.005818922607389937
0.5463659147869674,0.10800353363793784,0.007171856087070307
0.5513784461152882,0.1090930921076313,0.008795047329068467
0.556390977443609,0.11017490980991079,0.010731549295990675
0.5614035087719298,0.11124872132125889,0.013028796423406576
0.5664160401002506,0.11231426641114703,0.015738516763329078
0.5714285714285714,0.11337129000881722,0.018916506461137194
0.5764411027568922,0.11441954215790696,0.022622244639060315
0.581453634085213,0.11545877796007417,0.026918328294032585
0.5864661654135338,0.11648875750884286,0.03186970956609844
0.5914786967418546,0.11750924581492615,0.037542721807815566
0.5964912280701754,0.11852001272431598,0.044003886347535666
0.6015037593984962,0.11952083283043216,0.05131849868878432
0.606516290726817,0.12051148538162854,0.059549001047277235
0.6115288220551378,0.12149175418534285,0.06875315743432435
0.6165413533834586,0.1224614275101387,0.07898205769758054
0.6215538847117794,0.12342029798687254,0.09027798768277197
0.6265664160401002,0.12436816251014093,0.10267221355197735
0.631578947368421,0.12530482214114655,0.11618273877886041
0.6365914786967418,0.12623008201301805,0.13081210187531023
0.6416040100250626,0.12714375123957553,0.1465452908909516
0.6466165413533834,0.12804564282844658,0.16334785656815107
0.6516290726817042,0.1289355735993586,0.18116430916388307
0.656641604010025,0.1298133641083356,0.19991688386910525
0.6616541353383458,0.13067883857846868,0.21950475607647696
0.6666666666666666,0.1315318248378087,0.23980378022185175
0.6716791979949874,0.1323721542648554,0.2606668144816464
0.6766917293233082,0.13319966174202585,0.2819246783723255
0.681704260651629,0.1340141856173988,0.3033877716066302
0.6867167919799498,0.1348155676749215,0.324848360963888
0.6917293233082706,0.13560365311323208,0.3460835181807616
0.6967418546365914,0.13637829053309344,0.36685866689314217
0.7017543859649122,0.13713933193343017,0.3869316715274474
0.706766917293233,0.13788663271583895,0.40605737690728544
0.7117794486215538,0.13862005169738742,0.4239924853961576
0.7167919799498746,0.13933945113144627,0.44050063979026516
0.7218045112781954,0.14004469673626077,0.4553575659568288
0.7268170426065163,0.14073565773086527,0.4683561202646052
0.731829573934837,0.1414122068779572,0.4793110838309349
0.7368421052631579,0.14207422053323854,0.48806354889738307
0.7418546365914787,0.14272157870074947,0.49448475232201355
0.7468671679197995,0.14335416509364896,0.4984792269978534
0.7518796992481203,0.14397186719988134,0.49998716341410543
0.7568922305764411,0.14457457635215246,0.49898589971457485
0.7619047619047619,0.14516218780160542,0.49549048836871074
0.7669172932330827,0.14573460079458714,0.48955331965056764
0.7719298245614035,0.14629171865188578,0.48126281508933444
0.7769423558897243,0.1468334488498135,0.4707412364327288
0.7819548872180451,0.1473597031025072,0.4581416860046721
0.7869674185463659,0.14787039744484165,0.44364440130572974
0.7919799498746867,0.14836545231533158,0.42745246914612894
0.7969924812030075,0.1488447926384387,0.4097871016072125
0.8020050125313283,0.14930834790570507,0.3908826270757787
0.8070175438596491,0.1497560522551425,0.3709813541792916
0.8120300751879699,0.15018784454835363,0.3503284646822302
0.8170426065162907,0.15060366844485515,0.32916708360916114
0.8220551378446115,0.15100347247313461,0.3077336616430211
0.8270676691729323,0.15138721009796055,0.28625378704866866
0.8320802005012531,0.15175483978353735,0.26493852301241894
0.8370927318295739,0.15210632505208968,0.2439813425047783
0.8421052631578947,0.15244163453751822,0.22355570775101902
0.8471177944862155,0.15276074203379328,0.20381331630106897
0.8521303258145363,0.15306362653778158,0.18488301161674858
0.8571428571428571,0.15335027228624556,0.166870334001859
0.8621553884711779,0.15362066878678796,0.14985766837948733
0.8671679197994987,0.15387481084251797,0.13390492946419905
0.8721804511278195,0.15411269857030938,0.11905071266518523
0.8771929824561403,0.15433433741249933,0.10531383075834527
0.8822055137844611,0.1545397381419182,0.09269515194751621
0.8872180451127819,0.15472891686021323,0.08117965418531806
0.8922305764411027,0.15490189498939871,0.07073861317997082
0.8972431077694235,0.15505869925664276,0.061331846899116776
0.9022556390977443,0.15519936167231088,0.05290994704083448
0.9072681704260651,0.155323919501308,0.045416437282028085
0.9122807017543859,0.15543241522779835,0.03878980853701534
0.9172932330827067,0.15552489651341012,0.032965392393248895
0.9223057644110275,0.15560141614903109,0.02787704481766837
0.9273182957393483,0.15566203200035622,0.023458622698912555
0.9323308270676691,0.15570680694734806,0.01964524544410032
0.9373433583959899,0.15573580881778368,0.01637434241082641
0.9423558897243107,0.15574911031510721,0.013586494241943676
0.9473684210526315,0.15574678894078103,0.011226082084079353
0.9523809523809523,0.1557289269113913,0.009241763187663874
0.9573934837092731,0.1556956110707347,0.007586794547235504
0.9624060150375939,0.1556469327971347,0.006219228136443824
0.9674185463659147,0.1555829879062676,0.005102002048718386
0.9724310776942355,0.1555038765497543,0.004202951619927565
0.9774436090225563,0.15540970310980096,0.003494763540676069
0.9824561403508771,0.15530057609016407,0.002954894218711027
0.9874686716791979,0.15517660800373503,0.0025654713717453976
0.9924812030075187,0.1550379152570154,0.002313195147336013
0.9974937343358395,0.15488461803179118,0.002189252089320782
1.0025062656641603,0.1547168401642715,0.0021892520893207756
1.0075187969924813,0.15453470902199493,0.0023131951473360167
1.012531328320802,0.1543383553787788,0.0025654713717453872
1.0175438596491229,0.15412791328799424,0.0029548942187110376
1.0225563909774436,0.15390351995443444,0.0034947635406760527
1.0275689223057645,0.15366531560506452,0.004202951619927581
1.0325814536340852,0.15341344335889237,0.005102002048718363
1.037593984962406,0.15314804909624222,0.0062192281364438565
1.0426065162907268,0.15286928132765484,0.007586794547235464
1.0476190476190477,0.15257729106268256,0.00924176318766391
1.0526315789473684,0.15227223167878723,0.011226082084079308
1.0576441102756893,0.15195425879058005,0.013586494241943735
1.06265664160401,0.15162353011961283,0.016374342410826345
1.0676691729323309,0.15128020536491787,0.0196452454441004
1.0726817042606516,0.15092444607450745,0.02345862269891247
1.0776942355889725,0.15055641551799542,0.02787704481766848
1.0827067669172932,0.15017627856052918,0.03296539239324878
1.087719298245614,0.1497842015381898,0.038789808537015476
1.0927318295739348,0.14938035213500786,0.04541643728202795
1.0977443609022557,0.14896489926175102,0.05290994704083467
1.1027568922305764,0.14853801293658825,0.06133184689911658
1.1077694235588973,0.1480998641677812,0.07073861317997104
1.112781954887218,0.14765062483848915,0.0811796541853178
1.117794486215539,0.14719046759380847,0.09269515194751647
1.1228070175438596,0.14671956573010544,0.105313830758345
1.1278195488721805,0.14623809308676522,0.11905071266518555
1.1328320802005012,0.1457462239403843,0.1339049294641987
1.137844611528822,0.1452441329015082,0.1498576683794877
1.1428571428571428,0.14473199481393514,0.16687033400185863
1.1478696741854637,0.14420998465664558,0.18488301161674897
1.1528822055137844,0.1436782774483997,0.20381331630106855
1.1578947368421053,0.14313704815501244,0.2235557077510195
1.162907268170426,0.1425864715993487,0.24398134250477785
1.167919799498747,0.14202672237402914,0.2649385230124194
1.1729323308270676,0.14145797475688254,0.2862537870486682
1.1779448621553885,0.14088040262912035,0.30773366164302157
1.1829573934837092,0.14029417939623418,0.32916708360916064
1.1879699248120301,0.13969947791162485,0.3503284646822307
1.1929824561403508,0.13909647040291293,0.3709813541792912
1.1979949874686717,0.1384853284009454,0.39088262707577914
1.2030075187969924,0.13786622267144516,0.4097871016072121
1.2080200501253133,0.13723932314929685,0.42745246914612933
1.213032581453634,0.1366047988754158,0.4436444013057294
1.218045112781955,0.13596281793618117,0.4581416860046724
1.2230576441102756,0.1353135474053797,0.4707412364327285
1.2280701754385965,0.13465715328863398,0.48126281508933466
1.2330827067669172,0.13399380047025325,0.4895533196505675
1.2380952380952381,0.13332365266247098,0.49549048836871085
1.2431077694235588,0.13264687235702224,0.4989858997145748
1.2481203007518797,0.13196362077899773,0.49998716341410543
1.2531328320802004,0.13127405784294585,0.4984792269978535
1.2581453634085213,0.13057834211114458,0.49448475232201367
1.263157894736842,0.12987663075400654,0.4880635488973834
1.268170426065163,0.1291690795125632,0.4793110838309351
1.2731829573934836,0.12845584266296298,0.46835612026460577
1.2781954887218046,0.12773707298293765,0.45535756595682914
1.2832080200501252,0.1270129217201865,0.4405006397902658
1.2882205513784462,0.12628353856260424,0.42399248539615797
1.2932330827067668,0.1255490716103295,0.4060573769072862
1.2982456140350878,0.12480966734952159,0.38693167152744784
1.3032581453634084,0.12406547062785106,0.3668586668931431
1.3082706766917294,0.12331662463162231,0.34608351818076205
1.31328320802005,0.12256327086449223,0.32484836096388897
1.318295739348371,0.12180554912772329,0.30338777160663066
1.3233082706766917,0.12104359750192843,0.2819246783723265
1.3283208020050126,0.12027755233026048,0.2606668144816468
1.3333333333333333,0.1195075482029827,0.23980378022185267
1.3383458646616542,0.11873371794339559,0.21950475607647743
1.3433583959899749,0.11795619259504649,0.19991688386910605
1.3483709273182958,0.1171751014102102,0.18116430916388349
1.3533834586466165,0.116390571839564,0.16334785656815187
1.3583959899749374,0.11560272952303928,0.14654529089095197
1.363408521303258,0.11481169828178645,0.13081210187531087
1.368421052631579,0.11401760011124067,0.11618273877886072
1.3734335839598997,0.11322055517521723,0.10267221355197792
1.3784461152882206,0.11242068180102906,0.0902779876827722
1.3834586466165413,0.11161809647556108,0.07898205769758103
1.3884711779448622,0.1108129138422984,0.06875315743432456
1.3934837092731829,0.11000524669923693,0.05954900104727763
1.3984962406015038,0.10919520599768075,0.0513184986887845
1.4035087719298245,0.10838290084186147,0.044003886347535964
1.4085213032581454,0.10756843848937554,0.03754272180781572
1.413533834586466,0.10675192435238916,0.031869709566098664
1.418546365914787,0.10593346199960074,0.026918328294032692
1.4235588972431077,0.10511315315890883,0.022622244639060495
1.4285714285714286,0.1042910977207939,0.01891650646113726
1.4335839598997493,0.10346739374234801,0.01573851676332921
1.4385964912280702,0.10264213745196309,0.013028796423406633
1.443609022556391,0.10181542325463086,0.01073154929599077
1.4486215538847118,0.10098734373784325,0.008795047329068507
1.4536340852130325,0.10015798967806555,0.00717185608707037
1.4586466165413534,0.09932745004776491,0.005818922607389958
1.463659147869674,0.09849581202297006,0.0046975479863053385
1.468671679197995,0.09766316099134845,0.0037732666640517072
1.4736842105263157,0.09682958056077523,0.0030156532374759457
1.4786967418546366,0.09599515256837195,0.002398075951536011
1.4837092731829573,0.09515995709001836,0.001897413977586716
1.4887218045112782,0.09432407245029523,0.0014937533304349223
1.493734335839599,0.09348757523285102,0.0011700739405122202
1.4987468671679198,0.09265054029118228,0.0009119380921056733
1.5037593984962405,0.0918130407598079,0.0007071882495548879
1.5087719298245614,0.09097514806581747,0.0005456602837137421
1.5137844611528821,0.09013693194078856,0.0004189163225274116
1.518796992481203,0.08929846043304972,0.0003199999052325523
1.5238095238095237,0.08845979992028286,0.00024321482658769863
1.5288220551378446,0.0876210151224481,0.0001839280101624024
1.5338345864661653,0.08678216911501872,0.00013839593300954466
1.5388471177944862,0.08594332334251692,0.00010361351634521807
1.543859649122807,0.08510453763233018,7.7183972462708e-5
1.5488721804511278,0.08426587020880329,5.7207829463340626e-5
1.5538847117794485,0.0834273777076015,4.2189214868584885e-5
1.5588972431077694,0.08258911519030723,3.095744041206519e-5
1.5639097744360901,0.08175113615927687,2.2601969125802445e-5
1.568922305764411,0.08091349257271212,1.641894085423221e-5
1.5739348370927317,0.08007623485995845,1.1867565267219556e-5
1.5789473684210527,0.07923941193700827,8.534847167852608e-6
1.5839598997493733,0.07840307122220581,6.107275308173239e-6
1.5889724310776943,0.07756725865214248,4.348273737269329e-6
1.593984962406015,0.07673201869772091,3.08037708787014e-6
1.5989974937343359,0.07589739438040853,2.171243452102984e-6
1.6040100250626566,0.07506342728862644,1.5227576446314977e-6
1.6090225563909775,0.07423015759431377,1.0626021358960861e-6
1.6140350877192982,0.07339762406961843,7.377822627275886e-7
1.619047619047619,0.07256586410372871,5.096867748520199e-7
1.6240601503759398,0.07173491371982593,3.5034518173036967e-7
1.6290726817042607,0.07090480759215784,2.3961089572026486e-7
1.6340852130325814,0.07007557906321688,1.6305518203583764e-7
1.6390977443609023,0.06924726016101668,1.1040284829988492e-7
1.644110275689223,0.06841988161646519,7.437784304723261e-8
1.6491228070175439,0.06759347288082096,4.9856812675423974e-8
1.6541353383458646,0.0667680621432153,3.325240575753764e-8
1.6591478696741855,0.06594367634825989,2.2066795035055798e-8
1.6641604010025062,0.06512034121369784,1.4570453873465617e-8
1.669172932330827,0.0642980812481198,9.572481352028245e-9
1.6741854636591478,0.06347691976871962,6.257395520881662e-9
1.6791979949874687,0.06265687891908885,4.069867911575108e-9
1.6842105263157894,0.0618379796870438,2.633811266419524e-9
1.6892230576441103,0.06102024192248096,1.6959249021471263e-9
1.694235588972431,0.06020368435523481,1.086541234867941e-9
1.699248120300752,0.05938832461297018,6.926334118163288e-10
1.7042606516290726,0.058574179239052705,4.393172858539337e-10
1.7092731829573935,0.057761263710437896,2.7724950245757614e-10
1.7142857142857142,0.056949592455534395,1.7409283134609677e-10
1.719298245614035,0.05613917887206739,1.0876987535231843e-10
1.7243107769423558,0.05533003534490477,6.761670485539586e-11
1.7293233082706767,0.0545221732638682,4.1823175443716975e-11
1.7343358395989974,0.05371560304150548,2.573935348835201e-11
1.7393483709273183,0.052910334130820816,1.5761440039120916e-11
1.744360902255639,0.05210637504296488,9.603107343155542e-12
1.74937343358396,0.051303733364874565,5.8216394120594915e-12
1.7543859649122806,0.05050241577684787,3.51153054188539e-12
1.7593984962406015,0.049702428070067944,2.107488568007792e-12
1.7644110275689222,0.048903775164056675,1.258495405202174e-12
1.7694235588972431,0.04810646112405083,7.477487064778321e-13
1.7744360902255638,0.047310489178313146,4.4205604718491255e-13
1.7794486215538847,0.04651586173534662,2.6002591355362016e-13
1.7844611528822054,0.045722580401041484,1.5218559799701427e-13
1.7894736842105263,0.044930645995707424,8.862333904100435e-14
1.794486215538847,0.04414005857103539,5.134998154598266e-14
1.799498746867168,0.043350817426942634,2.9603980145983454e-14
1.8045112781954886,0.04256292112831784,1.6981558520025983e-14
1.8095238095238095,0.04177636752166219,9.692205578282003e-15
1.8145363408521302,0.04099115375161578,5.504087353154674e-15
1.8195488721804511,0.04020727627736616,3.1100376579548655e-15
1.8245614035087718,0.03942473088894356,1.748491828633043e-15
1.8295739348370927,0.0386435127233835,9.780908490774987e-16
1.8345864661654134,0.03786361628077541,5.443928514764617e-16
1.8395989974937343,0.03708503544016981,3.0148330058473547e-16
1.844611528822055,0.03630776347535929,1.661237545546457e-16
1.849624060150376,0.035531793070523,9.10789141344973e-17
1.8546365914786966,0.03475711633572806,4.968457506193113e-17
1.8596491228070176,0.0339837248222947,2.6967640168233592e-17
1.8646616541353382,0.03321160953801221,1.4564042548388194e-17
1.8696741854636592,0.03244076096221479,7.82597691954215e-18
1.8746867167919798,0.03167116906069518,4.184203667647026e-18
1.8796992481203008,0.030902823300480664,2.2258951247683304e-18
1.8847117794486214,0.030135712664449234,1.1781869556103061e-18
1.8897243107769424,0.029369825665784978,6.204993791697617e-19
1.894736842105263,0.028605150362281378,3.2515176956059036e-19
1.899749373433584,0.027841674370485105,1.6953076503897206e-19
1.9047619047619047,0.027079384879674928,8.794852317122318e-20
1.9097744360902256,0.026318268665677234,4.539690131046927e-20
1.9147869674185463,0.025558312104516298,2.3315326309902303e-20
1.9197994987468672,0.02479950118590591,1.1914461424138827e-20
1.9248120300751879,0.024041821526559804,6.057939926277229e-21
1.9298245614035088,0.02328525838334669,3.0647364849990247e-21
1.9348370927318295,0.0225297966662638,1.542690993892359e-21
1.9398496240601504,0.021775420951252775,7.726492353408199e-22
1.944862155388471,0.021022115492826624,3.8503786760435254e-22
1.949874686716792,0.02026986423654255,1.90915916743561e-22
1.9548872180451127,0.019518650831284935,9.418862573336648e-23
1.9598997493734336,0.018768458641388222,4.6235165104794805e-23
1.9649122807017543,0.018019270758574547,2.2582082759707153e-23
1.9699248120300752,0.017271070013722363,1.0974208469503659e-23
1.9749373433583959,0.016523838988458557,5.306400760747589e-24
1.9799498746867168,0.0157775600265755,2.5529629759814044e-24
1.9849624060150375,0.01503221524527299,1.2220996393174366e-24
1.9899749373433584,0.014287786546218801,5.820849152515277e-25
1.994987468671679,0.01354425562644323,2.758568055994665e-25
2.0,0.012801603989050461,1.3007645434554792e-25
