t,psi_truth,psi_recovered
0.0,8.137210727905412e-7,-7.450936396561695e-7
12.0,8.503585200929224e-7,-0.00021616635734066463
24.0,8.885802737861118e-7,-0.00043157982805425437
36.0,9.284518032935602e-7,-0.0006469773751111143
48.0,9.700411465026164e-7,-0.000862350535762329
60.0,1.0134190045744482e-6,-0.0010776905213466298
72.0,1.0586588400044007e-6,-0.0012929882231165364
84.0,1.1058369780343382e-6,-0.0015082342185431753
96.0,1.1550327115210419e-6,-0.0017234187777987677
108.0,1.2063284093678148e-6,-0.0019385318704527581
120.0,1.2598096286291345e-6,-0.002153563172277628
132.0,1.315565230401301e-6,-0.0023685020683970257
144.0,1.3736874996150198e-6,-0.0025833376589593474
156.0,1.4342722688488777e-6,-0.0027980587635857822
168.0,1.4974190462860046e-6,-0.0030126539241676757
180.0,1.5632311479391873e-6,-0.0032271114058428385
192.0,1.6318158342732427e-6,-0.0034414191936688577
204.0,1.703284451356682e-6,-0.0036555649906762897
216.0,1.777752576678106e-6,-0.0038695362160216774
228.0,1.8553401697664068e-6,-0.0040833200044980145
240.0,1.9361717277572435e-6,-0.004296903208642793
252.0,2.0203764460520155e-6,-0.004510272404672573
264.0,2.1080883842192926e-6,-0.004723413901837272
276.0,2.1994466372922985e-6,-0.0049363137556518765
288.0,2.2945955126200707e-6,-0.005148957784174236
300.0,2.3936847124336674e-6,-0.005361331585962068
312.0,2.496869522293052e-6,-0.005573420558121247
324.0,2.6043110055840256e-6,-0.005785209912320948
336.0,2.7161762042390048e-6,-0.005996684687604793
348.0,2.832638345859592e-6,-0.006207829759015788
360.0,2.9538770574230492e-6,-0.0064186298416741136
372.0,3.0800785857594083e-6,-0.006629069490568154
384.0,3.2114360249901892e-6,-0.006839133096816351
396.0,3.3481495511242644e-6,-0.007048804881442706
408.0,3.4904266640112213e-6,-0.007258068887743192
420.0,3.6384824368568642e-6,-0.0074669089731221015
432.0,3.792539773510715e-6,-0.007675308800918834
444.0,3.952829673739765e-6,-0.007883251832324953
456.0,4.119591506707923e-6,-0.00809072131812063
468.0,4.293073292885669e-6,-0.008297700289724074
480.0,4.473531994619026e-6,-0.008504171548997658
492.0,4.6612338155927535e-6,-0.00871011765639122
504.0,4.856454509427205e-6,-0.008915520917278812
516.0,5.059479697654355e-6,-0.009120363366681292
528.0,5.270605197322936e-6,-0.009324626752874368
540.0,5.490137358488961e-6,-0.009528292520581513
552.0,5.718393411852951e-6,-0.009731341794492438
564.0,5.955701826810677e-6,-0.009933755363732711
576.0,6.2024026801904305e-6,-0.010135513667667495
588.0,6.458848035954833e-6,-0.010336596783120886
600.0,6.7254023361516655e-6,-0.010536984412814915
612.0,7.002442803403861e-6,-0.010736655874646924
624.0,7.290359855234286e-6,-0.010935590091376197
636.0,7.58955753052801e-6,-0.011133765580391752
648.0,7.900453928439601e-6,-0.011331160443448745
660.0,8.223481660060073e-6,-0.01152775235653468
672.0,8.559088313164054e-6,-0.011723518560283771
684.0,8.907736930363554e-6,-0.011918435851532452
696.0,9.269906501002193e-6,-0.012112480576656894
708.0,9.646092467128518e-6,-0.012305628627243097
720.0,1.00368072438951e-5,-0.012497855438440984
732.0,1.0442580754735708e-5,-0.012689135990097284
744.0,1.0863960981679351e-5,-0.012879444810514853
756.0,1.130151453116748e-5,-0.013068755982510746
768.0,1.175582721574581e-5,-0.0132570431513795
780.0,1.2227504652010813e-5,-0.013444279534413888
792.0,1.2717172875196003e-5,-0.01363043793176661
804.0,1.3225478970790745e-5,-0.013815490738589172
816.0,1.375309172359132e-5,-0.013999409958492842
828.0,1.4300702284590243e-5,-0.014182167218377884
840.0,1.4869024856117284e-5,-0.014363733784538708
852.0,1.545879739565214e-5,-0.014544080579680914
864.0,1.6070782338735875e-5,-0.014723178200129756
876.0,1.6705767341415577e-5,-0.014900996932152657
888.0,1.7364566042662576e-5,-0.015077506766058086
900.0,1.8048018847213074e-5,-0.01525267740666337
912.0,1.8756993729285868e-5,-0.015426478278898365
924.0,1.9492387057638723e-5,-0.015598878527744536
936.0,2.0255124442434264e-5,-0.015769847012344913
948.0,2.1046161604389e-5,-0.01593935229486312
960.0,2.1866485266691187e-5,-0.016107362625385178
972.0,2.2717114070175312e-5,-0.016273845924702643
984.0,2.3599099512252444e-5,-0.016438769767079944
996.0,2.4513526910098778e-5,-0.016602101365024383
1008.0,2.546151638861385e-5,-0.016763807557647517
1020.0,2.6444223893667274e-5,-0.016923854803506673
1032.0,2.7462842231156588e-5,-0.017082209177971815
1044.0,2.851860213240975e-5,-0.017238836374338224
1056.0,2.9612773346468932e-5,-0.017393701707260054
1068.0,3.0746665759800906e-5,-0.0175467701167365
1080.0,3.1921630543986336e-5,-0.017698006170905584
1092.0,3.3139061331943616e-5,-0.017847374066284588
1104.0,3.44003954232545e-5,-0.017994837624749748
1116.0,3.5707115019160106e-5,-0.018140360287343237
1128.0,3.706074848780433e-5,-0.01828390510576355
1140.0,3.84628716603098e-5,-0.018425434732987304
1152.0,3.9915109158272055e-5,-0.01856491141476577
1164.0,4.141913575327065e-5,-0.018702296983693027
1176.0,4.297667775899489e-5,-0.018837552857167532
1188.0,4.458951445659166e-5,-0.018970640039953617
1200.0,4.625947955384857e-5,-0.019101519131314568
1212.0,4.798846267882651e-5,-0.01923015033598677
1224.0,4.977841090856712e-5,-0.0193564934777174
1236.0,5.163133033349955e-5,-0.019480508013788592
1248.0,5.3549287658180965e-5,-0.01960215304893349
1260.0,5.55344118390059e-5,-0.019721387347286803
1272.0,5.758889575952461e-5,-0.019838169341439952
1284.0,5.971499794401862e-5,-0.01995245713817915
1296.0,6.191504430997812e-5,-0.020064208520978934
1308.0,6.419142996013832e-5,-0.02017338094971279
1320.0,6.65466210147268e-5,-0.020279931558276242
1332.0,6.89831564845826e-5,-0.020383817150888713
1344.0,7.150365018581167e-5,-0.020484994197771764
1356.0,7.411079269663695e-5,-0.02058341883074767
1368.0,7.680735335711771e-5,-0.02067904683912146
1380.0,7.95961823124003e-5,-0.020771833666049132
1392.0,8.248021260017391e-5,-0.02086173440549087
1404.0,8.546246228300403e-5,-0.02094870379979306
1416.0,8.854603662621239e-5,-0.021032696237927816
1428.0,9.173413032198133e-5,-0.021113665754399703
1440.0,9.503002976035099e-5,-0.02119156602878308
1452.0,9.8437115347788e-5,-0.02126635038575836
1464.0,0.00010195886387399187,-0.021337971795378042
1476.0,0.00010559885092761513,-0.021406382873135746
1488.0,0.00010936075336156748,-0.02147153587928734
1500.0,0.00011324835180856566,-0.021533382716829596
1512.0,0.00011726553324760429,-0.021591874927615655
1524.0,0.00012141629362200139,-0.021646963686301358
1536.0,0.00012570474050968108,-0.021698599792151604
1548.0,0.00013013509584635323,-0.02174673365914412
1560.0,0.0001347116987022312,-0.02179131530521598
1572.0,0.0001394390081129436,-0.02183229434181855
1584.0,0.00014432160596527293,-0.021869619965108524
1596.0,0.00014936419993835795,-0.021903240950055147
1608.0,0.0001545716265009909,-0.02193310564848465
1620.0,0.00015994885396561847,-0.021959161991640806
1632.0,0.00016550098559967507,-0.02198135749730641
1644.0,0.00017123326279483374,-0.021999639280999322
1656.0,0.0001771510682947854,-0.022013954070334033
1668.0,0.0001832599294821171,-0.022024248221413405
1680.0,0.00018956552172487055,-0.02203046773613609
1692.0,0.0001960736717833431,-0.02203255827955783
1704.0,0.0002027903612776743,-0.02203046519688512
1716.0,0.0002097217302167659,-0.022024133530196353
1728.0,0.00021687408058904806,-0.0220135080354753
1740.0,0.0002242538800156065,-0.02199853320087013
1752.0,0.0002318677654661679,-0.02197915326718887
1764.0,0.00023972254703841003,-0.02195531225146136
1776.0,0.00024782521180107393,-0.02192695397395955
1788.0,0.0002561829277013062,-0.021894022088450198
1800.0,0.0002648030475366631,-0.021856460114773418
1812.0,0.00027369311299218785,-0.021814211472224725
1824.0,0.00028286085874293084,-0.021767219511799742
1836.0,0.00029231421662229536,-0.02171542754522386
1848.0,0.0003020613198565357,-0.021658778868869927
1860.0,0.0003121105073657283,-0.021597216781143014
1872.0,0.00032247032813152536,-0.021530684592599048
1884.0,0.00033314954563193425,-0.021459125628844444
1896.0,0.0003441571423433943,-0.021382483227009117
1908.0,0.00035550232431034035,-0.021300700727160192
1920.0,0.0003671945257824667,-0.021213721460362135
1932.0,0.00037924341391983154,-0.021121488735136792
1944.0,0.0003916588935659322,-0.021023945823877482
1956.0,0.00040445111208886977,-0.020921035950377233
1968.0,0.00041763046429063247,-0.020812702279155167
1980.0,0.00043120759738456686,-0.020698887906810397
1992.0,0.00044519341604100544,-0.020579535855286255
2004.0,0.0004595990875010224,-0.020454589066753
2016.0,0.0004744360467582546,-0.020323990399809786
2028.0,0.0004897160018086452,-0.020187682626841952
2040.0,0.0005054509389679895,-0.0200456084325757
2052.0,0.0005216531282570671,-0.01989771041406908
2064.0,0.0005383351288541294,-0.019743931082498202
2076.0,0.0005555097946144845,-0.019584212867098823
2088.0,0.000573190279656822,-0.019418498121499726
2100.0,0.0005913900440159564,-0.019246729132478997
2112.0,0.0006101228593615251,-0.01906884813094294
2124.0,0.0006294028147822367,-0.018884797304756427
2136.0,0.0006492443226351085,-0.01869451881299308
2148.0,0.0006696621244591643,-0.01849795480126697
2160.0,0.0006906712969529844,-0.01829504741803308
2172.0,0.0007122872580154143,-0.018085738832052806
2184.0,0.0007345257728487563,-0.017869971251518884
2196.0,0.0007574029601236359,-0.01764768694552493
2208.0,0.0007809352982047291,-0.017418828268561146
2220.0,0.0008051396314364775,-0.01718333768847897
2232.0,0.000830033176487811,-0.016941157817895965
2244.0,0.0008556335287549164,-0.016692231448390896
2256.0,0.000881958668820945,-0.01643650158617685
2268.0,0.0009090269689715443,-0.016173911487394024
2280.0,0.0009368571997650457,-0.01590440469086266
2292.0,0.0009654685366559898,-0.01562792504618634
2304.0,0.0009948805666707343,-0.015344416735522077
2316.0,0.0010251132951336886,-0.01505382428809605
2328.0,0.0010561871524427439,-0.01475609258750878
2340.0,0.0010881230008923826,-0.01445116687287485
2352.0,0.0011209421415428061,-0.014138992735680792
2364.0,0.0011546663211334741,-0.01381951611475607
2376.0,0.0011893177390392322,-0.013492683291819739
2388.0,0.0012249190542672804,-0.013158440889682058
2400.0,0.0012614933924930012,-0.012816735874408383
2412.0,0.0012990643531327146,-0.012467515561756763
2424.0,0.0013376560164513112,-0.01211072762718475
2436.0,0.001377292950702568,-0.011746320117898675
2448.0,0.0014180002192999987,-0.011374241464963682
2460.0,0.001459803388015883,-0.010994440493502329
2472.0,0.0015027285322061071,-0.010606866429481443
2484.0,0.0015468022440583765,-0.010211468902414606
2496.0,0.0015920516398611833,-0.009808197944316742
2508.0,0.0016385043672909724,-0.009397003986210174
2520.0,0.0016861886127147027,-0.008977837854192086
2532.0,0.0017351331085050188,-0.008550650767371618
2544.0,0.0017853671403651784,-0.008115394339802183
2556.0,0.0018369205546606363,-0.0076720205879047265
2568.0,0.0018898237657543218,-0.007220481943934929
2580.0,0.001944107763342333,-0.006760731274983722
2592.0,0.001999804119786856,-0.006292721906042474
2604.0,0.0020569449974429123,-0.005816407645004078
2616.0,0.0021155631559754686,-0.005331742807245232
2628.0,0.002175691959663436,-0.004838682237674307
2640.0,0.0022373653846867883,-0.004337181328776029
2652.0,0.002300618026393238,-0.003827196034088193
2664.0,0.002365485106540452,-0.003308682877508445
2676.0,0.0024320024805100067,-0.002781598959648589
2688.0,0.00250020664448905,-0.002245901962959174
2700.0,0.00257013474261544,-0.0017015501574461633
2712.0,0.002641824574082316,-0.0011485024084916657
2724.0,0.0027153146001976246,-0.0005867181876571837
2736.0,0.002790643951394261,-1.615758654513989e-5
2748.0,0.0028678524341863697,0.0005632186669920992
2760.0,0.0029469805380670415,0.0011514491916029361
2772.0,0.0030280694423429066,0.0017485719357344597
2784.0,0.0031111610229005954,0.0023546241629793688
2796.0,0.0031962978589004025,0.0029696424405557917
2808.0,0.003283523239391953,0.0035936626313624763
2820.0,0.0033728811698468795,0.004226719889342521
2832.0,0.003464416378603354,0.004868848657278896
2844.0,0.0035581743232170524,0.0055200826657751225
2856.0,0.0036542011967133584,0.006180454932126702
2868.0,0.0037525439337351544,0.006849997758069294
2880.0,0.003853250216580698,0.007528742725930038
2892.0,0.003956368481126027,0.008216720693379363
2904.0,0.004061947922625903,0.00891396178762237
2916.0,0.004170038501387709,0.009620495400330116
2928.0,0.004280690948312149,0.010336350184774995
2940.0,0.004393956770294844,0.011061554056454084
2952.0,0.004509888255482701,0.011796134197981659
2964.0,0.004628538478378774,0.012540117068299819
2976.0,0.004749961304789461,0.01329352841544008
2988.0,0.004874211396607534,0.014056393291320976
3000.0,0.005001344216424597,0.014828736066540166
3012.0,0.005131416031966537,0.015610580442907496
3024.0,0.005264483920345136,0.016401949461612785
3036.0,0.00540060577211944,0.017202865505392628
3048.0,0.005539840295159792,0.018013350293766526
3060.0,0.00568224701830802,0.018833424871229316
3072.0,0.005827886294826635,0.0196631095890682
3084.0,0.005976819305630125,0.020502424082106646
3096.0,0.006129108062291415,0.02135138724207028
3108.0,0.006284815409816174,0.022210017189405844
3120.0,0.006444005029178007,0.02307833124527595
3132.0,0.006606741439607207,0.023956345905171414
3144.0,0.006773090000625687,0.02484407681521497
3156.0,0.006943116913821079,0.025741538751867226
3168.0,0.007116889224352165,0.02664874560545054
3180.0,0.007294474822178641,0.027565710367718457
3192.0,0.007475942443007458,0.028492445123612653
3204.0,0.007661361668948252,0.02942896104732643
3216.0,0.007850802928870592,0.030375268402786898
3228.0,0.00804433749845495,0.03133137654861154
3240.0,0.008242037499930393,0.03229729394746113
3252.0,0.008443975901490805,0.03327302817948018
3264.0,0.008650226516382337,0.034258585959213786
3276.0,0.008860864001654298,0.03525397315506665
3288.0,0.009075963856565769,0.03625919481008017
3300.0,0.00929560242064026,0.03727425516262112
3312.0,0.00951985687136076,0.03829915766553049
3324.0,0.00974880522149741,0.039333905002397876
3336.0,0.009982526316060144,0.04037849909988385
3348.0,0.010221099828868544,0.041432941135355714
3360.0,0.010464606258731404,0.04249723153947736
3372.0,0.01071312692522807,0.043571369993733636
3384.0,0.010966743964084187,0.044655355423126354
3396.0,0.011225540322134159,0.04574918598443472
3408.0,0.011489599751862645,0.04685285905050524
3420.0,0.011759006805517747,0.04796637119105437
3432.0,0.012033846828788306,0.04908971815048821
3444.0,0.012314205954037805,0.05022289482331809
3456.0,0.012600171093087677,0.05136589522789549
3468.0,0.01289182992954255,0.052518712479400126
3480.0,0.013189270910650247,0.053681338763256536
3492.0,0.013492583238689381,0.05485376531034529
3504.0,0.01380185686187736,0.05603598237544716
3516.0,0.01411718246479191,0.057227979220243475
3528.0,0.01443865145829913,0.0584297441018585
3540.0,0.01476635596898124,0.05964126426739667
3552.0,0.015100388828057395,0.060862525954252684
3564.0,0.015440843559790873,0.06209351439529014
3576.0,0.015787814369376107,0.06333421382739678
3588.0,0.016141396130299395,0.06458460750158282
3600.0,0.016501684371166787,0.06584467769275346
3612.0,0.016868775261993266,0.06711440570759626
3624.0,0.01724276559994724,0.06839377188960974
3636.0,0.01762375279454425,0.0696827556210546
3648.0,0.018011834852284747,0.07098133532237004
3660.0,0.018407110360730044,0.07228948845017487
3672.0,0.01880967847201128,0.07360719149525942
3684.0,0.019219638885766242,0.07493441998184257
3696.0,0.019637091831499195,0.076271148468876
3708.0,0.020062138050358665,0.07761735055338782
3720.0,0.02049487877632902,0.07897299887495116
3732.0,0.020935415716831114,0.08033806511956039
3744.0,0.021383851032728135,0.08171252002066927
3756.0,0.021840287317732517,0.08309633335509083
3768.0,0.022304827577210418,0.08448947393187349
3780.0,0.02277757520638007,0.08589190957317352
3792.0,0.023258633967900975,0.08730360708734838
3804.0,0.02374810796885096,0.08872453223579431
3816.0,0.024246101637088083,0.09015464969619877
3828.0,0.024752719696995527,0.09159392302562899
3840.0,0.025268067144606485,0.09304231462709694
3852.0,0.02579224922210791,0.09449978572282375
3864.0,0.026325371391720986,0.09596629633649492
3876.0,0.026867539308957137,0.0974418052854631
3888.0,0.02741885879524856,0.0989262701823789
3900.0,0.027979435809952605,0.10041964744438345
3912.0,0.028549376421729264,0.1019218923069996
3924.0,0.02912878677929202,0.10343295883938922
3936.0,0.029717773081532173,0.1049527999577612
3948.0,0.03031644154701683,0.10648136743437966
3960.0,0.030924898382862193,0.10801861190066336
3972.0,0.03154324975298235,0.10956448284411431
3984.0,0.03217160174571612,0.11111892859999867
3996.0,0.03281006034083312,0.1126818963396407
4008.0,0.03345873137592191,0.11425333205772507
4020.0,0.034117720512162296,0.11583318056109722
4032.0,0.034787133199485454,0.11742138546120051
4044.0,0.03546707464112452,0.11901788917164045
4056.0,0.036157649757560244,0.12062263291153869
4068.0,0.036858963149865136,0.12223555671452883
4080.0,0.03757111906245123,0.12385659944254745
4092.0,0.03829422134522602,0.12548569880314947
4104.0,0.039028373415162305,0.12712279136888607
4116.0,0.039773678217287216,0.12876781259734718
4128.0,0.040530238185097274,0.13042069685071447
4140.0,0.041298155200405424,0.13208137741396989
4152.0,0.04207753055262757,0.13374978651122194
4164.0,0.042868464897515765,0.13542585531983772
4176.0,0.04367105821534597,0.13710951398219673
4188.0,0.044485409768568886,0.13880069161492292
4200.0,0.04531161805893233,0.1404993163154299
4212.0,0.04614978078408461,0.14220531516560475
4224.0,0.04699999479366824,0.14391861423247904
4236.0,0.04786235604491441,0.1456391385658643
4248.0,0.04873695955774817,0.14736681219312753
4260.0,0.049623899369416094,0.14910155811154277
4272.0,0.05052326848864701,0.1508432982789361
4284.0,0.05143515884935817,0.1525919536035602
4296.0,0.05235966126391926,0.15434744393425973
4308.0,0.053296865375986276,0.15610968805196965
4320.0,0.054246859612919425,0.1578786036634213
4332.0,0.055209731137798285,0.15965410739763172
4344.0,0.05618556580104803,0.16143611480540898
4356.0,0.05717444809169205,0.1632245403617024
4368.0,0.05817646108824553,0.16501929747032734
4380.0,0.05919168640926507,0.16682029847038296
4392.0,0.0602202041635715,0.16862745464362122
4404.0,0.061262092900161,0.1704406762221138
4416.0,0.06231742955782209,0.1722598723957535
4428.0,0.06338628941447556,0.1740849513194183
4440.0,0.0644687460362553,0.17591582011990725
4452.0,0.06556487122634751,0.17775238490297884
4464.0,0.06667473497360779,0.17959455076099623
4476.0,0.06779840540097483,0.1814422217816797
4488.0,0.06893594871369944,0.1832953010583774
4500.0,0.07008742914741041,0.18515369070205748
4512.0,0.07125290891603561,0.18701729185495752
4524.0,0.0724324481596006,0.18888600470554046
4536.0,0.0736261048919251,0.19075972850414286
4548.0,0.07483393494823919,0.19263836157851968
4560.0,0.07605599193274085,0.19452180134841957
4572.0,0.07729232716611777,0.19640994433833356
4584.0,0.0785429896330552,0.19830268618772937
4596.0,0.07980802592975418,0.20019992165832184
4608.0,0.08108748021148256,0.20210154463825664
4620.0,0.08238139414018311,0.20400744814342098
4632.0,0.08368980683216319,0.20591752431647783
4644.0,0.08501275480588966,0.2078316644244901
4656.0,0.08635027192991493,0.2097497588562567
4668.0,0.08770238937095867,0.2116716971205873
4680.0,0.0890691355421709,0.21359736784671074
4692.0,0.09045053605160241,0.21552665878785543
4704.0,0.09184661365090858,0.2174594568287518
4716.0,0.09325738818431271,0.21939564799738576
4728.0,0.09468287653785613,0.22133511748088533
4740.0,0.09612309258896166,0.22327774964494107
4752.0,0.09757804715633767,0.22522342805576046
4764.0,0.0990477479502505,0.22717203550324014
4776.0,0.10053219952319208,0.2291234540239211
4788.0,0.102031403220972,0.2310775649223233
4800.0,0.1035453571342608,0.23303424878950282
4812.0,0.10507405605061361,0.23499338551803672
4824.0,0.10661749140700226,0.23695485431312704
4836.0,0.10817565124288465,0.2389185337000269
4848.0,0.10974852015383968,0.2408843015284092
4860.0,0.11133607924579753,0.24285203497466493
4872.0,0.11293830608989336,0.24482161054327636
4884.0,0.11455517467797417,0.2467929040684209
4896.0,0.11618665537878778,0.2487657907167949
4908.0,0.11783271489488312,0.2507401449923769
4920.0,0.11949331622025135,0.2527158407435459
4932.0,0.12116841859873698,0.2546927511725907
4944.0,0.12285797748324835,0.25667074884743274
4956.0,0.12456194449579723,0.25864970571518336
4968.0,0.1262802673883964,0.26062949311707967
4980.0,0.1280128900048445,0.2626099818043635
4992.0,0.12975975224342798,0.2645910419547342
5004.0,0.13152079002056877,0.2665725431890669
5016.0,0.1332959352354472,0.2685543545881873
5028.0,0.13508511573562867,0.2705363447094681
5040.0,0.1368882552837241,0.27251838160302383
5052.0,0.13870527352511036,0.27450033282720737
5064.0,0.14053608595674294,0.27648206546307774
5076.0,0.14238060389708598,0.27846344612749035
5088.0,0.1442387344571894,0.28044434098450804
5100.0,0.14611038051294128,0.2824246157549531
5112.0,0.14799544067852174,0.2844041357240839
5124.0,0.14989380928108811,0.28638276574757837
5136.0,0.15180537633671615,0.28836037025617284
5148.0,0.15373002752762616,0.2903368132594082
5160.0,0.15566764418071916,0.2923119583489636
5172.0,0.15761810324745032,0.29428566870193307
5184.0,0.15958127728506497,0.2962578070842662
5196.0,0.16155703443922262,0.2982282358543763
5208.0,0.1635452384280351,0.3001968169667409
5220.0,0.16554574852754164,0.3021634119752232
5232.0,0.16755841955864756,0.3041278820359127
5244.0,0.16958310187554743,0.3060900879094329
5256.0,0.1716196413556591,0.3080498899629827
5268.0,0.17366787939108885,0.31000714817269026
5280.0,0.1757276528816517,0.3119617221271787
5292.0,0.17779879422946768,0.31391347103337475
5304.0,0.1798811313351553,0.31586225372555304
5316.0,0.18197448759564372,0.31780792867830604
5328.0,0.18407868190362264,0.3197503540235983
5340.0,0.18619352864864955,0.3216893875713885
5352.0,0.188318837719934,0.3236248868326083
5364.0,0.19045441451081566,0.32555670904270717
5376.0,0.19260005992495466,0.32748471118362954
5388.0,0.19475557038425115,0.32940875000215464
5400.0,0.19692073783850872,0.3313286820229639
5412.0,0.199095349776859,0.333244363555637
5424.0,0.20127918924096086,0.33515565069578607
5436.0,0.20347203483998805,0.33706239932180687
5448.0,0.20567366076741916,0.33896446508967804
5460.0,0.2078838368196417,0.34086170342905203
5472.0,0.21010232841638157,0.3427539695441585
5484.0,0.2123288966229693,0.3446411184228199
5496.0,0.21456329817445263,0.3465230048561392
5508.0,0.21680528550156386,0.3483994834702516
5520.0,0.2190546067585515,0.3502704087701533
5532.0,0.22131100585288183,0.3521356351941711
5544.0,0.2235742224768181,0.35399501717638765
5556.0,0.2258439921408823,0.3558484092134612
5568.0,0.22812004620920384,0.35769566593186
5580.0,0.23040211193675933,0.35953664215161985
5592.0,0.23268991250850593,0.3613711929433418
5604.0,0.23498316708040948,0.36319917367605026
5616.0,0.2372815908223692,0.36502044005467166
5628.0,0.23958489496303825,0.3668348481470509
5640.0,0.24189278683653848,0.36864225440143145
5652.0,0.24420496993106838,0.37044251565613284
5664.0,0.24652114393939994,0.37223548914360094
5676.0,0.2488410048112609,0.37402103249117585
5688.0,0.25116424480759714,0.3757990037207948
5700.0,0.2534905525567086,0.3775692612495209
5712.0,0.25581961311225243,0.3793316638923211
5724.0,0.25815110801310376,0.3810860708680235
5736.0,0.2604847153450662,0.38283234180888737
5748.0,0.2628201098044203,0.3845703367737962
5760.0,0.2651569627633007,0.3862999162647072
5772.0,0.2674949423368865,0.38802094124573416
5784.0,0.2698337134523945,0.38973327316396905
5796.0,0.2721729379198588,0.3914367739711332
5808.0,0.2745122745046815,0.3931313061449663
5820.0,0.2768513790019388,0.3948167327094381
5832.0,0.2791899043124237,0.39649291725293284
5844.0,0.28152750052040676,0.39815972394388943
5856.0,0.28386381497309643,0.39981701754365007
5868.0,0.28619849236177575,0.40146466341672815
5880.0,0.2885311748045959,0.40310252753904036
5892.0,0.29086150193100263,0.4047304765049844
5904.0,0.293189110967771,0.40634837753439323
5916.0,0.2955136368266249,0.4079560984803812
5928.0,0.2978347121934146,0.40955350783890887
5940.0,0.300151967618825,0.4111404747604762
5952.0,0.30246503161058724,0.41271686906387234
5964.0,0.3047735307271645,0.41428256125143287
5976.0,0.3070770896728819,0.4158374225248127
5988.0,0.309375331394469,0.4173813248000713
6000.0,0.31166787717898453,0.4189141407209169
6012.0,0.3139543467530886,0.4204357436692364
6024.0,0.31623435838363,0.42194600777256214
6036.0,0.31850752897951307,0.42344480790878514
6048.0,0.3207734741948082,0.42493201970905464
6060.0,0.32303180853307095,0.4264075195603792
6072.0,0.32528214545283013,0.42787118460965207
6084.0,0.3275240974742084,0.4293228927708485
6096.0,0.3297572762866346,0.4307625227367105
6108.0,0.3319812928576095,0.4321899539956711
6120.0,0.33419575754248254,0.4336050668539122
6132.0,0.3364002801951991,0.4350077424616933
6144.0,0.3385944702799746,0.43639786284241705
6156.0,0.34077793698385384,0.4377753109224814
6168.0,0.34295028933011024,0.43913997055994086
6180.0,0.34511113629244106,0.44049172657022745
6192.0,0.34726008690991295,0.44183046474774673
6204.0,0.34939675040261203,0.4431560718828822
6216.0,0.35152073628795155,0.4444684357746461
6228.0,0.3536316544975898,0.44576744523984974
6240.0,0.3557291154949111,0.4470529901200681
6252.0,0.35781273039301953,0.4483249612878467
6264.0,0.35988211107319845,0.44958325065342586
6276.0,0.3619368703037853,0.4508277511730119
6288.0,0.3639766218594107,0.45205835685912843
6300.0,0.36600098064055325,0.45327496279321206
6312.0,0.3680095627933563,0.4544774651402103
6324.0,0.3700019858296583,0.45566576116474017
6336.0,0.3719778687471826,0.45683974924832454
6348.0,0.3739368321498343,0.45799932890720757
6360.0,0.37587849836805454,0.45914440081045904
6372.0,0.37780249157917484,0.4602748667981174
6384.0,0.3797084379277224,0.46139062989927276
6396.0,0.38159596564562076,0.4624915943499326
6408.0,0.383464705172232,0.46357766561048597
6420.0,0.3853142892741885,0.46464875038245035
6432.0,0.387144353164958,0.46570475662409405
6444.0,0.3889545346240894,0.4667455935645019
6456.0,0.3907444741160847,0.46777117171571564
6468.0,0.39251381490884235,0.46878140288280795
6480.0,0.3942622031916179,0.46977620017198946
6492.0,0.3959892881924482,0.4707554779972121
6504.0,0.39769472229498376,0.4717191520859504
6516.0,0.39937816115467645,0.47266713948508793
6528.0,0.4010392638142665,0.47359935856780055
6540.0,0.4026776928185169,0.47451572904223777
6552.0,0.4042931143281395,0.47541617196244057
6564.0,0.4058851982328603,0.4763006097416438
6576.0,0.40745361826357024,0.4771689661676166
6588.0,0.4089980521035077,0.4780211664194426
6600.0,0.41051818149842084,0.4788571370848893
6612.0,0.41201369236565594,0.4796768061775113
6624.0,0.4134842749021207,0.4804801031526975
6636.0,0.41492962369106995,0.48126695892210825
6648.0,0.4163494378076622,0.48203730586619903
6660.0,0.41774342092323735,0.48279107784478154
6672.0,0.41911128140826237,0.48352821020568554
6684.0,0.42045273243389797,0.48424863979171306
6696.0,0.4217674920721352,0.4849523049459811
6708.0,0.4230552833944527,0.4856391455157238
6720.0,0.4243158345689477,0.48630910285454293
6732.0,0.42554887895589194,0.4869621198230404
6744.0,0.4267541552016661,0.48759814078793845
6756.0,0.42793140733102614,0.4882171116199192
6768.0,0.4290803848376564,0.4888189796907096
6780.0,0.43020084277296433,0.4894036938701977
6792.0,0.4312925418330724,0.4899712045245567
6804.0,0.4323552484439652,0.49052146351644027
6816.0,0.433388734844748,0.49105442420808687
6828.0,0.4343927791689758,0.49157004146792416
6840.0,0.4353671655240124,0.4920682716807056
6852.0,0.43631168406837983,0.4925490727606784
6864.0,0.43722613108705854,0.493012404166798
6876.0,0.43811030906470133,0.49345822691861224
6888.0,0.4389640267567242,0.49388650361139735
6900.0,0.43978709925823783,0.49429719842926184
6912.0,0.44057934807078525,0.4946902771553811
6924.0,0.4413406011668515,0.49506570717911946
6936.0,0.44207069305211366,0.49542345750043093
6948.0,0.44276946482539886,0.4957634987324134
6960.0,0.44343676423631967,0.49608580310326406
6972.0,0.4440724457405588,0.4963903444588162
6984.0,0.4446763705527734,0.4966770982665941
6996.0,0.44524840669709337,0.4969460416217272
7008.0,0.4457884290551876,0.4971971532544544
7020.0,0.446296319411873,0.4974304135382748
7032.0,0.44677196649824397,0.49764580449737494
7044.0,0.4472152660322997,0.4978433098118485
7056.0,0.4476261207570486,0.4980229148193728
7068.0,0.4480044404760706,0.49818460651251845
7080.0,0.4483501420865191,0.49832837353168213
7092.0,0.44866314960954506,0.49845420615431796
7104.0,0.44894339421812873,0.49856209628186576
7116.0,0.44919081426230395,0.4986520374261812
7128.0,0.44940535529176184,0.4987240246973099
7140.0,0.44958697007582343,0.498778054794097
7152.0,0.44973561862076955,0.49881412599846925
7164.0,0.4498512681845207,0.4988322381733683
7176.0,0.4499338932886573,0.4988323927634598
7188.0,0.44998347572777625,0.49881459279708024
7200.0,0.4500000045761778,0.4987788428874783
7212.0,0.44998347619187895,0.49872514923146277
7224.0,0.449933894217953,0.49865351960402715
7236.0,0.44985126958119215,0.4985639633481883
7248.0,0.44973562048809657,0.4984564913602394
7260.0,0.4495869724181894,0.4983311160714334
7272.0,0.44940535811466287,0.4981878514278181
7284.0,0.44919081757235985,0.4980267128702573
7296.0,0.4489433980230966,0.49784771731663935
7308.0,0.44866315391833517,0.497650883147871
7320.0,0.4483501469092128,0.497436230198621
7332.0,0.44800444582394117,0.4972037797529137
7344.0,0.4476261266425838,0.4969535545440279
7356.0,0.4472152724692271,0.4966855787575721
7368.0,0.44677197350155895,0.49639987803632407
7380.0,0.4462963269978691,0.49609647948553515
7392.0,0.4457884372414892,0.4957754116776622
7404.0,0.44524841550269145,0.49543670465603795
7416.0,0.44467637999806375,0.4950803899374753
7428.0,0.44407245584738286,0.4947065005142739
7440.0,0.4434367750280085,0.4943150708563358
7452.0,0.4427694763268199,0.493906136914105
7464.0,0.4420707052897203,0.4934797361228418
7476.0,0.441340614168736,0.4930359074082974
7488.0,0.4405793618667346,0.492574691193479
7500.0,0.43978711387979286,0.4920961294057182
7512.0,0.43896404223724206,0.4916002654829607
7524.0,0.4381103254394216,0.4910871443782004
7536.0,0.43722614839317253,0.49055681256099826
7548.0,0.4363117023451039,0.4900093180154512
7560.0,0.4353671848126649,0.48944471023429875
7572.0,0.4343927995130577,0.4888630402093686
7584.0,0.43338875629002815,0.48826436041890225
7596.0,0.43235527103856924,0.487648724812571
7608.0,0.43129256562757606,0.4870161887951407
7620.0,0.43020086782049144,0.48636680920970826
7632.0,0.4290804111939816,0.48570064432130916
7644.0,0.4279314350546817,0.485017753801588
7656.0,0.42675418435405477,0.4843181987150172
7668.0,0.425548909601404,0.4836020415070748
7680.0,0.4243158667750839,0.48286934599465314
7692.0,0.4230553172319526,0.48212017735895674
7704.0,0.421767527615111,0.48135460214102893
7716.0,0.4204527697599746,0.48057268823995763
7728.0,0.41911132059872364,0.4797745049135998
7740.0,0.4177434620631784,0.478960122781426
7752.0,0.4163494809861487,0.47812961382881086
7764.0,0.41492966900130396,0.47728305141187144
7776.0,0.413484322441614,0.4764205102618008
7788.0,0.41201374223641024,0.475542066487656
7800.0,0.4105182338071163,0.47464779757679326
7812.0,0.4089981069616987,0.4737377823925053
7824.0,0.40745367578788994,0.47281210116893185
7836.0,0.40588525854523355,0.4718708355038828
7848.0,0.4042931775560045,0.47091406835068295
7860.0,0.4026777590950564,0.4699418840104153
7872.0,0.40103933327864805,0.4689543681259588
7884.0,0.3993782339523029,0.46795160767893934
7896.0,0.39769479857775414,0.4669336909901085
7908.0,0.3959893681190288,0.4659007077229529
7920.0,0.39426228692772497,0.46485274888947486
7932.0,0.3925139026275356,0.4637899068563949
7944.0,0.39074456599807333,0.4627122753495601
7956.0,0.38895463085805,0.4616199494542021
7968.0,0.3871444539478653,0.46051302560896246
7980.0,0.38531439481165974,0.4593916015922104
7992.0,0.3834648156788846,0.4582557765000818
8004.0,0.3815960813454442,0.4571056507166106
8016.0,0.3797085590544654,0.4559413258773001
8028.0,0.3778026183767471,0.45476290482818044
8040.0,0.3758786310909453,0.4535704915827958
8052.0,0.3739369710635464,0.4523641912796105
8064.0,0.3719780141286839,0.45114411014199834
8076.0,0.3700021379678513,0.4499103554423895
8088.0,0.3680097219895652,0.44866303547141306
8100.0,0.36600114720903076,0.4474022595121469
8112.0,0.36397679612786393,0.44612813781893684
8124.0,0.3619370526139223,0.44484078159989526
8136.0,0.3598823017812958,0.4435403030019719
8148.0,0.35781292987051194,0.44222681509761075
8160.0,0.35572932412900327,0.4409004318722098
8172.0,0.35363187269189206,0.4395612682119632
8184.0,0.3515209644631396,0.4382094398919296
8196.0,0.349396988997112,0.43684506356441083
8208.0,0.34726033638061227,0.43546825674777423
8220.0,0.3451113971154263,0.43407913781580937
8232.0,0.34295056200143337,0.4326778259874904
8244.0,0.34077822202032637,0.43126444131682257
8256.0,0.3385947682199925,0.4298391046822608
8268.0,0.3364005915995983,0.4284019377750776
8280.0,0.33419608299542647,0.4269530630861447
8292.0,0.33198163296750977,0.4254926038907651
8304.0,0.3297576316871058,0.4240206842315277
8316.0,0.32752446882505887,0.4225374288995707
8328.0,0.3252825334410886,0.4210429634149803
8340.0,0.3230322138740519,0.419537414007376
8352.0,0.32077389763321595,0.41802090759783755
8364.0,0.3185079712905868,0.41649357178329793
8376.0,0.31623482037433026,0.41495553482427794
8388.0,0.31395482926332774,0.4134069256364083
8400.0,0.3116683810829017,0.41184787378574544
8412.0,0.3093758576017515,0.41027850948733485
8424.0,0.3070776391301346,0.4086989636060886
8436.0,0.3047741044193287,0.4071093676587008
8448.0,0.30246563056241044,0.4055098538152366
8460.0,0.3001525928963844,0.4039005548990806
8472.0,0.2978353649056943,0.4022816043841732
8484.0,0.2955143181271502,0.4006531363888529
8496.0,0.2931898220563007,0.3990152856659867
8508.0,0.29086224405528177,0.3973681875895699
8520.0,0.2885319492621707,0.3957119781382523
8532.0,0.28619930050187264,0.39404679387652836
8544.0,0.283864658198568,0.3923727719343972
8556.0,0.28152838028974525,0.39069004998627815
8568.0,0.2791908221418463,0.38899876622981705
8580.0,0.2768523364675453,0.38729905936496434
8592.0,0.27451327324468766,0.3855910685734973
8604.0,0.27217397963690715,0.3838749334989111
8616.0,0.26983479991594583,0.38215079422643705
8628.0,0.2674960753856941,0.3804187912629118
8640.0,0.26515814430796997,0.37867906551618813
8652.0,0.2628213418300566,0.3769317582738991
8664.0,0.2604859999140138,0.3751770111815567
8676.0,0.25815244726777825,0.37341496622008274
8688.0,0.2558210092780706,0.37164576568303
8700.0,0.2534920079451175,0.3698695521538167
8712.0,0.25116576181920613,0.3680864684833
8724.0,0.24884258593908037,0.3662966577678896
8736.0,0.24652279177218867,0.3645002633283007
8748.0,0.24420668715679417,0.3626974286887947
8760.0,0.24189457624595478,0.3608882975566357
8772.0,0.23958675945338073,0.35907301380133877
8784.0,0.23728353340117567,0.35725172143327666
8796.0,0.23498519086946698,0.3554245645813558
8808.0,0.23269202074792894,0.3535916874696637
8820.0,0.2304043079892029,0.3517532343933268
8832.0,0.22812233356421585,0.34990934969421567
8844.0,0.22584637441939887,0.3480601777374549
8856.0,0.22357670343580663,0.34620586288992167
8868.0,0.2213135893901357,0.34434654950199667
8880.0,0.21905729691764136,0.3424823818936826
8892.0,0.21680808647694977,0.34061350434581705
8904.0,0.21456621431676212,0.3387400610965545
8916.0,0.21233193244444576,0.33686219634262704
8928.0,0.2101054885965084,0.3349800542441986
8940.0,0.2078871262109471,0.33309377893155934
8952.0,0.20567708440146668,0.3312035145115496
8964.0,0.2034755979335586,0.32930940507152745
8976.0,0.20128289720243137,0.3274115946789437
8988.0,0.19909920821278346,0.32551022737516083
9000.0,0.19692475256040742,0.3236054471629153
9012.0,0.194759747415614,0.3216973979876901
9024.0,0.19260440550846455,0.3197862237141026
9036.0,0.19045893511579834,0.31787206809902124
9048.0,0.18832354005004034,0.3159550747634997
9060.0,0.18619841964977732,0.31403538716554197
9072.0,0.18408376877208385,0.3121131485753897
9084.0,0.1819797777865847,0.31018850205434995
9096.0,0.17988663257123647,0.30826159043739876
9108.0,0.17780451450981,0.3063325563189611
9120.0,0.1757336004910572,0.30440154204071773
9132.0,0.1736740629095427,0.3024686896798392
9144.0,0.17162606966812077,0.30053414103608467
9156.0,0.16958978418203893,0.29859803761654036
9168.0,0.16756536538464661,0.2966605206173479
9180.0,0.16555296773468794,0.29472173090252235
9192.0,0.16355274122515812,0.2927818089807297
9204.0,0.16156483139369948,0.29084089498145305
9216.0,0.1595893793345169,0.2888991286322799
9228.0,0.1576265217117869,0.2869566492390303
9240.0,0.15567639077453932,0.28501359567005746
9252.0,0.15373911437298526,0.2830701063454671
9264.0,0.15181481597626859,0.2811263192311981
9276.0,0.14990361469161517,0.2791823718372536
9288.0,0.14800562528485478,0.2772384012187434
9300.0,0.14612095820229004,0.2752945439781381
9312.0,0.14424971959388602,0.273350936267158
9324.0,0.14239201133775517,0.27140771378703493
9336.0,0.14054793106590907,0.2694650117864459
9348.0,0.1387175721912525,0.2675229650570589
9360.0,0.1369010239357899,0.2655817079272223
9372.0,0.1350983713600191,0.2636413742547486
9384.0,0.13330969539348297,0.26170209741993006
9396.0,0.1315350728664512,0.2597640103197268
9408.0,0.12977457654270563,0.25782724536373
9420.0,0.12802827515339846,0.25589193447190073
9432.0,0.12629623343195642,0.25395820907347466
9444.0,0.12457851215000168,0.2520262001058926
9456.0,0.12287516815426115,0.25009603801229313
9468.0,0.12118625440443449,0.24816785273607672
9480.0,0.11951182001199309,0.24624177371126688
9492.0,0.11785191027987985,0.2443179298479275
9504.0,0.1162065667430811,0.24239644951250766
9516.0,0.11457582721004186,0.24047746050371507
9528.0,0.11295972580489505,0.23856109002507148
9540.0,0.11135829301047542,0.23664746465570752
9552.0,0.10977155571208942,0.23473671032108245
9564.0,0.10819953724201159,0.23282895226517672
9576.0,0.10664225742467878,0.23092431502532457
9588.0,0.1050997326225532,0.22902292241034347
9600.0,0.10357197578262504,0.22712489748209672
9612.0,0.10205899648352681,0.2252303625401082
9624.0,0.10056080098322986,0.22333943910856502
9636.0,0.09907739226729492,0.22145224792488566
9648.0,0.09760877009764847,0.21956890892912082
9660.0,0.0961549310618566,0.2176895412536628
9672.0,0.0947158686228681,0.2158142632130426
9684.0,0.0932915731691996,0.21394319229390682
9696.0,0.09188203206553444,0.21207644514548366
9708.0,0.09048722970370815,0.2102141375709622
9720.0,0.08910714755405345,0.20835638452017755
9732.0,0.08774176421707758,0.20650330008384207
9744.0,0.08639105547544562,0.20465499748934463
9756.0,0.08505499434624302,0.20281158909791744
9768.0,0.08373355113349126,0.20097318640280215
9780.0,0.08242669348089104,0.1991399000279701
9792.0,0.0811343864247671,0.19731183972699834
9804.0,0.07985659244718943,0.1954891143818547
9816.0,0.07859327152924639,0.19367183200154656
9828.0,0.07734438120444444,0.19186009972078621
9840.0,0.07610987661221064,0.1900540237989739
9852.0,0.07488971055147399,0.18825370961983495
9864.0,0.0736838335343015,0.18645926169196841
9876.0,0.07249219383956686,0.18467078365034845
9888.0,0.07131473756662751,0.18288837825856688
9900.0,0.07015140868898873,0.18111214741132017
9912.0,0.06900214910793188,0.1793421921364604
9924.0,0.06786689870608582,0.17757861259583688
9936.0,0.06674559540091922,0.17582150808425903
9948.0,0.0656381751981343,0.17407097702616178
9960.0,0.06454457224493958,0.17232711696993705
9972.0,0.0634647188831836,0.17059002458035658
9984.0,0.0623985457023282,0.16885979562990897
9996.0,0.061345981592243075,0.1671365249901921
10008.0,0.0603069537958028,0.16542030662463422
10020.0,0.05928138796126727,0.16371123358372222
10032.0,0.05826920819442822,0.1620093980036073
10044.0,0.05727033711050389,0.1603148911085333
10056.0,0.056284695885765165,0.1586278032169456
10068.0,0.055312204308875734,0.1569482237506517
10080.0,0.054352780831931215,0.15527624124595207
10092.0,0.053406342621180464,0.15361194336543973
10104.0,0.05247280560741393,0.15195541690913136
10116.0,0.051552084536004746,0.15030674782376685
10128.0,0.050644093016587434,0.1486660212094733
10140.0,0.049748743572360345,0.1470333213234129
10152.0,0.04886594768899888,0.14540873158046183
10164.0,0.047995615863165406,0.14379233455130153
10176.0,0.04713765765060394,0.14218421195850595
10188.0,0.0462919817138072,0.14058444467119557
10200.0,0.04545849586924387,0.1389931126987059
10212.0,0.04463710713413547,0.13741029518344677
10224.0,0.04382772177277108,0.13583607039283246
10236.0,0.04303024534235014,0.13427051570993095
10248.0,0.04224458273834273,0.1327137076223664
10260.0,0.04147063823935823,0.13116572170905333
10272.0,0.040708315551512726,0.1296266326245876
10284.0,0.03995751785228674,0.1280965140815077
10296.0,0.03921814783386478,0.1265754388310965
10308.0,0.0384901077459487,0.12506347864387068
10320.0,0.03777329943803771,0.12356070429125071
10332.0,0.03706762440116729,0.12206718553010047
10344.0,0.03637298380910127,0.12058299109175788
10356.0,0.035689278558969736,0.11910818867688676
10368.0,0.035016409311347634,0.11764284495697129
10380.0,0.03435427652976817,0.11618702558260428
10392.0,0.03370278051966605,0.1147407951980216
10404.0,0.03306182146674557,0.11330421746066177
10416.0,0.032431299474769755,0.11187735506400569
10428.0,0.03181111460276564,0.11046026976164801
10440.0,0.03120116690164303,0.10905302239048312
10452.0,0.030601356450222664,0.10765567289106004
10464.0,0.030011583390671365,0.10626828032356196
10476.0,0.029431747963341186,0.10489090287836435
10488.0,0.028861750541010884,0.10352359788072348
10500.0,0.028301491662526948,0.10216642178968391
10512.0,0.02775087206584345,0.10081943019175257
10524.0,0.027209792720458884,0.09948267779020656
10536.0,0.02667815485924916,0.0981562183910438
10548.0,0.026155860009696337,0.09684010488659853
10560.0,0.025642810024512325,0.09553438923771562
10572.0,0.025138907111657758,0.09423912245520738
10584.0,0.024644053863756225,0.09295435458111025
10596.0,0.024158153286904294,0.09168013467009915
10608.0,0.02368110882887794,0.09041651077132483
10620.0,0.023212824406736898,0.08916352991093274
10632.0,0.022753204433827424,0.08792123807559912
10644.0,0.0223021538461858,0.08668968019754876
10656.0,0.021859578128343726,0.08546890014166683
10668.0,0.021425383338537933,0.0842589406954354
10680.0,0.020999476133326134,0.08305984356247578
10692.0,0.02058176379161167,0.08187164936041748
10704.0,0.020172154238079647,0.08069439762364541
10716.0,0.0197705560660472,0.0795281268111921
10728.0,0.019376878559731213,0.07837287431966657
10740.0,0.018991031715936336,0.07722867650070349
10752.0,0.018612926265167133,0.07609556868201901
10764.0,0.018242473692167548,0.07497358519082696
10776.0,0.017879586255891665,0.07386275937817113
10788.0,0.01752417700890961,0.07276312364266793
10800.0,0.017176159816252628,0.07167470945228127
10812.0,0.016835449373701364,0.07059754736301008
10824.0,0.016501961225522145,0.06953166703377511
10836.0,0.016175611781655094,0.06847709723724262
10848.0,0.015856318334359094,0.06743386586679645
10860.0,0.015543999074318145,0.06640199994028065
10872.0,0.015238573106213845,0.06538152560143146
10884.0,0.014939960463769051,0.06437246812008281
10896.0,0.014648082124267525,0.06337485189222125
10908.0,0.014362860022554736,0.062388700440819345
10920.0,0.014084217064524942,0.061414036418115076
10932.0,0.013812077140099825,0.06045088160966351
10944.0,0.01354636513570384,0.05949925694013425
10956.0,0.013287006946241792,0.05855918248050644
10968.0,0.01303392948658391,0.05763067745605727
10980.0,0.01278706070256391,0.05671376025438907
10992.0,0.012546329581495558,0.055808448432695605
11004.0,0.012311666162213197,0.05491475872352537
11016.0,0.01208300154464188,0.05403270703844551
11028.0,0.011860267898902608,0.053162308469213646
11040.0,0.01164339847395821,0.05230357728630572
11052.0,0.011432327605805698,0.05145652693489075
11064.0,0.011226990725220373,0.05062117002857813
11076.0,0.011027324365057564,0.04979751834145941
11088.0,0.010833266167117534,0.048985582799118244
11100.0,0.010644754888579005,0.048185373469381586
11112.0,0.010461730408007103,0.04739689955362052
11124.0,0.010284133730941114,0.046620169379371024
11136.0,0.010111906995067674,0.04585519039494521
11148.0,0.009944993474984861,0.04510196916653443
11160.0,0.009783337586562666,0.044360511378073585
11172.0,0.009626884890905357,0.04363082183387742
11184.0,0.009475582097920949,0.04291290446377269
11196.0,0.009329377069503332,0.04220676233020198
11208.0,0.009188218822332313,0.041512397636558285
11220.0,0.009052057530296575,0.04082981173589309
11232.0,0.008920844526545242,0.04015900513911775
11244.0,0.008794532305172586,0.0394999775219095
11256.0,0.008673074522541468,0.038852727729718685
11268.0,0.008556425998250218,0.03821725378054092
11280.0,0.008444542715747844,0.03759355286540127
11292.0,0.008337381822602786,0.03698162134679306
11304.0,0.008234901630429468,0.03638145475553451
11316.0,0.008137061614477898,0.03579304778665749
11328.0,0.00804382241289055,0.03521639429499438
11340.0,0.007955145825631225,0.03465148729107996
11352.0,0.007870994813090445,0.034098318937881324
11364.0,0.007791333494371488,0.0335568805487114
11376.0,0.007716127145261701,0.03302716258654143
11388.0,0.007645342195893004,0.03250915466480975
11400.0,0.007578946228095797,0.0320028455497651
11412.0,0.007516907972450415,0.031508223164377236
11424.0,0.007459197305039734,0.031025274593875957
11436.0,0.007405785243907203,0.030553986093020555
11448.0,0.007356643945223566,0.030094343095217264
11460.0,0.007311746699166297,0.029646330223562094
11472.0,0.00727106792551513,0.029209931303776384
11484.0,0.007234583168967008,0.028785129378833988
11496.0,0.007202269094174138,0.028371906724864955
11508.0,0.007174103480508004,0.027970244867716477
11520.0,0.007150065216552853,0.027580124599397553
11532.0,0.007130134294331474,0.0272015259935804
11544.0,0.00711429180326629,0.02683442841940543
11556.0,0.0071025199238787685,0.026478810553035987
11568.0,0.007094801921229658,0.02613465038672029
11580.0,0.0070911221381029805,0.02580192523547478
11592.0,0.0070914659879362536,0.02548061174184607
11604.0,0.007095819947499363,0.02517068587945967
11616.0,0.0071041715493246485,0.02487212295617104
11628.0,0.00711650937389032,0.024584897617556743
11640.0,0.007132823041559599,0.024308983851234953
11652.0,0.007153103204277593,0.024044354992121077
11664.0,0.007177341537027931,0.023790983728281423
11676.0,0.007205530729051283,0.023548842106639982
11688.0,0.007237664474827368,0.02331790153750784
11700.0,0.0072737374648225335,0.023098132796816273
11712.0,0.0073137453760043665,0.022889506025070862
11724.0,0.007357684862125123,0.022691990722411157
11736.0,0.007405553543775515,0.022505555739682395
11748.0,0.007457349998210249,0.02233016926603099
11760.0,0.007513073748946879,0.02216579881410612
11772.0,0.0075727252551391795,0.022012411204375693
11784.0,0.0076363059007264035,0.021869972550275358
11796.0,0.007703817983359666,0.021738448245848314
11808.0,0.007775264703106497,0.021617802957215323
11820.0,0.007850650150934817,0.02150800061869396
11832.0,0.007929979296977268,0.021409004433753518
11844.0,0.00801325797857697,0.021320776880358303
11856.0,0.008100492888115608,0.02124327971973181
11868.0,0.008191691560624761,0.021176474007248054
11880.0,0.0082868623611814,0.02112032010407409
11892.0,0.00838601447208826,0.02107477768834521
11904.0,0.008489157879840059,0.021039805765010338
11916.0,0.008596303361876055,0.021015362673951994
11928.0,0.008707462473119983,0.021001406096472008
11940.0,0.008822647532307876,0.02099789306063726
11952.0,0.008941871608104484,0.02100477994623513
11964.0,0.009065148505009037,0.02102202249014632
11976.0,0.00919249274905096,0.02104957579281439
11988.0,0.009323919573276149,0.021087394326211595
12000.0,0.009459444903024573,0.02113543194333395
12012.0,0.009599085340999687,0.021193641888893073
12024.0,0.009742858152130447,0.021261976810572097
12036.0,0.009890781248226437,0.02134038877003955
12048.0,0.010042873172426928,0.021428829252894657
12060.0,0.01019915308344436,0.02152724917684258
12072.0,0.010359640739603082,0.021635598897635864
12084.0,0.010524356482674014,0.021753828212617253
12096.0,0.010693321221505906,0.02188188636200045
12108.0,0.010866556415454134,0.02201972202827437
12120.0,0.011044084057607567,0.022167283334281054
12132.0,0.011225926657814632,0.022324517840575663
12144.0,0.011412107225509258,0.022491372542646305
12156.0,0.011602649252337683,0.022667793868463727
12168.0,0.011797576694587142,0.022853727676689205
12180.0,0.01199691395541742,0.023049119255728296
12192.0,0.012200685866896325,0.023253913323700363
12204.0,0.012408917671840328,0.02346805402932247
12216.0,0.0126216350054615,0.02369148495368129
12228.0,0.012838863876822012,0.023924149112879788
12240.0,0.013060630650097719,0.024165988961581657
12252.0,0.013286962025651952,0.02441694639752046
12264.0,0.013517885020921392,0.024676962767075344
12276.0,0.013753426951115307,0.024945978872037797
12288.0,0.0139936154097301,0.02522393497770269
12300.0,0.014238478248880672,0.025510770822416675
12312.0,0.014488043559450782,0.025806425628713086
12324.0,0.014742339651064059,0.026110838116160884
12336.0,0.015001395031877977,0.02642394651604933
12348.0,0.015265238388202852,0.02674568858801381
12360.0,0.015533898563948191,0.027076001638665283
12372.0,0.01580740453989874,0.027414822542201633
12384.0,0.016085785412822844,0.027762087762845167
12396.0,0.01636907037441555,0.02811773337876246
12408.0,0.016657288690079534,0.028481695106900688
12420.0,0.016950469677546327,0.02885390832793952
12432.0,0.017248642685341223,0.029234308110357186
12444.0,0.017551837071094704,0.02962282923248463
12456.0,0.017860082179703817,0.03001940620140997
12468.0,0.018173407321346847,0.030423973267738366
12480.0,0.01849184174935482,0.030836464435501837
12492.0,0.01881541463794356,0.03125681346694006
12504.0,0.019144155059810028,0.031684953882393174
12516.0,0.019478091963596986,0.032120818956087475
12528.0,0.01981725415123003,0.03256434170908329
12540.0,0.02016167025513135,0.03301545490101372
12552.0,0.020511368715314462,0.033474091022409946
12564.0,0.020866377756364626,0.03394018228933846
12576.0,0.021226725364309633,0.03441366064178043
12588.0,0.021592439263385624,0.034894457746676356
12600.0,0.021963546892703283,0.035382505005918476
12612.0,0.022340075382819388,0.03587773356887401
12624.0,0.022722051532218967,0.036380074348380205
12636.0,0.023109501783713817,0.03688945803863243
12648.0,0.023502452200762868,0.03740581513309881
12660.0,0.023900928443720014,0.037929075940552455
12672.0,0.02430495574601592,0.03845917059754108
12684.0,0.02471455889027931,0.038996029076079776
12696.0,0.025129762184404526,0.03953958118599345
12708.0,0.025550589437571446,0.04008975657205581
12720.0,0.025977063936224724,0.040646484706793634
12732.0,0.02640920842001869,0.041209694880429894
12744.0,0.02684704505773531,0.04177931618986741
12756.0,0.027290595423181987,0.04235527752879602
12768.0,0.027739880471076478,0.04293750758093684
12780.0,0.028194920512926606,0.043525934818112164
12792.0,0.028655735192911834,0.04412048750430259
12804.0,0.029122343463774958,0.044721093706191706
12816.0,0.029594763562731424,0.045327681309976484
12828.0,0.03007301298740446,0.045940178043535125
12840.0,0.030557108471794128,0.04655851150246665
12852.0,0.03104706596228871,0.04718260917811129
12864.0,0.03154290059372668,0.04781239848546759
12876.0,0.03204462666551825,0.048447806788960664
12888.0,0.032552257617834826,0.04908876142426382
12900.0,0.03306580600787561,0.04973518971480182
12912.0,0.033585283486220224,0.050387018982113535
12924.0,0.0341107007732764,0.05104417654985693
12936.0,0.0346420676358324,0.05170658974182905
12948.0,0.03517939286372317,0.05237418587489664
12960.0,0.035722684246620076,0.05304689224812898
12972.0,0.03627194855095372,0.05372463612966641
12984.0,0.03682719149697979,0.0544073447429416
12996.0,0.03738841773599756,0.05509494525378883
13008.0,0.03795563082773139,0.05578736475977434
13020.0,0.03852883321788506,0.056484530282776856
13032.0,0.03910802621587937,0.05718636876549462
13044.0,0.039693209972783146,0.05789280707218845
13056.0,0.04028438345944802,0.058603771993627915
13068.0,0.040881544444857774,0.05931919025591014
13080.0,0.04148468947470239,0.060038988532585845
13092.0,0.042093813850187796,0.06076309345935539
13104.0,0.04270891160709189,0.061491431650481
13116.0,0.04332997549507762,0.06222392971599753
13128.0,0.04395699695727377,0.06296051427878856
13140.0,0.04458996611013493,0.06370111199059332
13152.0,0.04522887172359089,0.0644456495460729
13164.0,0.045873701201496885,0.06519405369413997
13176.0,0.04652444056239563,0.06594625124589298
13188.0,0.04718107442060215,0.06670216907867771
13200.0,0.04784358596762246,0.06746173413603802
13212.0,0.04851195695391733,0.06822487342359872
13224.0,0.04918616767102201,0.06899151400123392
13236.0,0.04986619693403342,0.06976158297220265
13248.0,0.05055202206447552,0.0705350074702113
13260.0,0.051243618873554046,0.07131171464559709
13272.0,0.051940961645812,0.07209163165194729
13284.0,0.05264402312319656,0.07287468563448217
13296.0,0.05335277448954871,0.07366080372139074
13308.0,0.054067185355526466,0.0744499130190692
13320.0,0.05478722374397291,0.07524194061184625
13332.0,0.05551285607573923,0.07603681356636714
13344.0,0.05624404715597467,0.07683445894037298
13356.0,0.0569807601608933,0.07763480379522554
13368.0,0.05772295662502858,0.07843777521120471
13380.0,0.05847059642898669,0.07924330030442812
13392.0,0.059223637787708346,0.08005130624418147
13404.0,0.059982037239250545,0.08086172026953456
13416.0,0.060745749634097713,0.08167446970432284
13428.0,0.061514728125013046,0.08248948196985956
13440.0,0.06228892415743974,0.08330668459507333
13452.0,0.06306828746046245,0.08412600522409469
13464.0,0.0638527660383384,0.08494737162159363
13476.0,0.0646423061626082,0.0857707116763773
13488.0,0.06543685236479585,0.08659595340386335
13500.0,0.06623634742970684,0.08742302494805237
13512.0,0.06704073238933447,0.08825185458354189
13524.0,0.06784994651738237,0.08908237071796994
13536.0,0.06866392732441284,0.08991450189507115
13548.0,0.06948261055362942,0.09074817679832933
13560.0,0.07030593017730202,0.09158332425499927
13572.0,0.07113381839384304,0.09241987324012317
13584.0,0.0719662056255424,0.09325775288006767
13596.0,0.07280302051696934,0.09409689245507738
13608.0,0.0736441899340487,0.09493722140039407
13620.0,0.07448963896381862,0.09577866930559731
13632.0,0.07533929091487737,0.09662116591200089
13644.0,0.07619306731852551,0.09746464110814022
13656.0,0.07705088793061043,0.09830902492361752
13668.0,0.07791267073407956,0.0991542475217655
13680.0,0.07877833194224784,0.1000002391917694
13692.0,0.07964778600278577,0.10084693034097734
13704.0,0.08052094560243339,0.10169425148814085
13716.0,0.08139772167244495,0.10254213325824164
13728.0,0.08227802339476972,0.10339050637938177
13740.0,0.08316175820897329,0.10423930168194032
13752.0,0.08404883181990326,0.1050884500999045
13764.0,0.08493914820610395,0.10593788267395154
13776.0,0.08583260962898324,0.10678753055558349
13788.0,0.08672911664273476,0.10763732501142179
13800.0,0.0876285681050189,0.10848719742670547
13812.0,0.08853086118840449,0.10933707930711074
13824.0,0.089435891392574,0.11018690227825016
13836.0,0.09034355255729407,0.11103659808255606
13848.0,0.09125373687615228,0.11188609857370706
13860.0,0.09216633491106227,0.11273533570920624
13872.0,0.09308123560753732,0.1135842415421323
13884.0,0.09399832631073282,0.11443274821336295
13896.0,0.09491749278225818,0.11528078794569036
13908.0,0.0958386192177574,0.11612829304114002
13920.0,0.0967615882652574,0.11697519588250693
13932.0,0.09768628104428369,0.11782142893964773
13944.0,0.0986125771657411,0.11866692478048682
13956.0,0.09954035475255808,0.11951161608608564
13968.0,0.10046949046109219,0.12035543566858294
13980.0,0.10139985950329394,0.12119831649041954
13992.0,0.102331335669626,0.12204019168307235
14004.0,0.10326379135273425,0.12288099456357687
14016.0,0.10419709757186649,0.12372065864740552
14028.0,0.10513112399803469,0.12455911765671271
14040.0,0.10606573897991621,0.12539630552356795
14052.0,0.10700080957048816,0.1262321563883801
14064.0,0.1079362015543899,0.1270666045942581
14076.0,0.10887177947600754,0.1278995846784562
14088.0,0.1098074066682738,0.12873103136223973
14100.0,0.11074294528217657,0.1295608795405192
14112.0,0.11167825631696912,0.13038906427241026
14124.0,0.11261319965107343,0.13121552077354598
14136.0,0.11354763407366991,0.13204018441060106
14148.0,0.11448141731696374,0.13286299069812119
14160.0,0.11541440608911958,0.13368387529745218
14172.0,0.1163464561078553,0.1345027740174275
14184.0,0.11727742213468467,0.13531962281644747
14196.0,0.1182071580097992,0.13613435780569522
14208.0,0.1191355166875785,0.13694691525342614
14220.0,0.12006235027271803,0.1377572315904756
14232.0,0.12098751005696305,0.13856524341728135
14244.0,0.1219108465564373,0.139370887512782
14256.0,0.12283220954955351,0.14017410084546433
14268.0,0.12375144811549414,0.14097482058662586
14280.0,0.12466841067324874,0.14177298412558836
14292.0,0.12558294502119494,0.14256852908624523
14304.0,0.12649489837720979,0.14336139334396256
14316.0,0.12740411741929625,0.14415151504162002
14328.0,0.12831044832671198,0.1449388326034905
14340.0,0.1292137368215846,0.14572328474574459
14352.0,0.1301138282109985,0.14650481048267594
14364.0,0.1310105674295383,0.1472833491281812
14376.0,0.1319037990822723,0.148058840292585
14388.0,0.13279336748816076,0.14883122387543962
14400.0,0.13367911672387173,0.1496004400554264
14412.0,0.1345608906679883,0.15036642927881025
14424.0,0.13543853304558967,0.15112913224804211
14436.0,0.13631188747318923,0.15188848991203127
14448.0,0.1371807975040114,0.15264444345934747
14460.0,0.13804510667358988,0.1533969343152085
14472.0,0.1389046585456684,0.15414590414262833
14484.0,0.13975929675838628,0.15489129484764275
14496.0,0.140608865070729,0.15563304858811702
14508.0,0.14145320740922612,0.15637110778538568
14520.0,0.14229216791487587,0.15710541513784956
14532.0,0.14312559099027805,0.15783591363566496
14544.0,0.14395332134695477,0.15856254657580693
14556.0,0.14477520405283978,0.159285257576974
14568.0,0.1455910845799157,0.16000399059399834
14580.0,0.1464008088519792,0.16071868993160368
14592.0,0.1472042232925133,0.16142930025743873
14604.0,0.14800117487264677,0.16213576661433762
14616.0,0.14879151115917924,0.16283803443171382
14628.0,0.14957508036265094,0.16353604953591852
14640.0,0.15035173138543675,0.16422975815931865
14652.0,0.15112131386984284,0.1649191069478099
14664.0,0.15188367824618412,0.1656040429665304
14676.0,0.1526386757808223,0.16628451370363762
14688.0,0.15338615862414168,0.16696046707217577
14700.0,0.1541259798584423,0.1676318514102872
14712.0,0.1548579935457278,0.16829861548017627
14724.0,0.1555820547753669,0.1689607084663918
14736.0,0.15629801971160678,0.16961807997402828
14748.0,0.15700574564091607,0.17027068002738713
14760.0,0.1577050910191363,0.1709184590694601
14772.0,0.15839591551841953,0.17156136796238786
14784.0,0.15907808007393104,0.17219935798875854
14796.0,0.15975144693029433,0.17283238085339758
14808.0,0.16041587968775797,0.17346038868515223
14820.0,0.1610712433480615,0.17408333403815301
14832.0,0.16171740435997975,0.1747011698921513
14844.0,0.1623542306645232,0.1753138496517677
14856.0,0.162981591739774,0.17592132714482894
14868.0,0.16359935864533512,0.17652355662031638
14880.0,0.16420740406637263,0.1771204927467533
14892.0,0.16480560235722902,0.17771209061206275
14904.0,0.16539382958458748,0.1782983057259644
14916.0,0.1659719635701657,0.17887909402580704
14928.0,0.16653988393291907,0.17945441188643338
14940.0,0.16709747213073262,0.18002421613417977
14952.0,0.1676446115015814,0.18058846406459872
14964.0,0.16818118730413956,0.1811471134629648
14976.0,0.16870708675781804,0.18170012262619567
14988.0,0.16922219908221148,0.18224745038457124
15000.0,0.16972641553593468,0.1827890561215688
15012.0,0.17021962945483032,0.18332489979031866
15024.0,0.170701736289528,0.18385494192553642
15036.0,0.171172633642337,0.18437914365031016
15048.0,0.17163222130345412,0.18489746667769225
15060.0,0.17208040128646857,0.1854098733076136
15072.0,0.17251707786314646,0.18591632642010594
15084.0,0.17294215759747775,0.18641678946613527
15096.0,0.17335554937896794,0.18691122645748054
15108.0,0.17375716445515896,0.1873996019570211
15120.0,0.17414691646336197,0.1878818810705745
15132.0,0.174524721461587,0.18835802944105698
15144.0,0.17489049795865308,0.1888280132453531
15156.0,0.17524416694346445,0.1892917991938572
15168.0,0.17558565191343783,0.18974935453232625
15180.0,0.17591487890206606,0.19020064704544612
15192.0,0.1762317765056049,0.19064564506139736
15204.0,0.17653627590886872,0.19108431745673837
15216.0,0.17682831091012285,0.19151663366101315
15228.0,0.17710781794505906,0.19194256366067686
15240.0,0.17737473610984256,0.192362078002144
15252.0,0.177629007183219,0.1927751477939232
15264.0,0.17787057564766937,0.1931817447079716
15276.0,0.17809938870960307,0.19358184098046724
15288.0,0.17831539631857807,0.19397540941223532
15300.0,0.17851855118553847,0.1943624233690259
15312.0,0.1787088088000608,0.19474285678180567
15324.0,0.17888612744659907,0.19511668414715133
15336.0,0.17905046821972154,0.19548388052780466
15348.0,0.17920179503833025,0.1958444215534127
15360.0,0.17934007465885696,0.1961982834215212
15372.0,0.17946527668742807,0.1965454428988991
15384.0,0.1795773735909925,0.19688587732333135
15396.0,0.17967634070740715,0.19721956460605675
15408.0,0.1797621562544741,0.19754648323499457
15420.0,0.17983480133792534,0.19786661227888808
15432.0,0.1798942599583511,0.19817993139235798
15444.0,0.17994051901706737,0.19848642082171705
15456.0,0.17997356832092085,0.19878606141120891
15468.0,0.1799934005860276,0.19907883460914444
15480.0,0.18000001144044445,0.1993647224732563
15492.0,0.1799933994257709,0.19964370767449796
15504.0,0.17997356599768166,0.199915773498509
15516.0,0.17994051552538873,0.20018090384407192
15528.0,0.17989425529003356,0.200439083218081
15540.0,0.17983479548201037,0.20069029672684738
15552.0,0.17976214919722155,0.20093453006388848
15564.0,0.17967633243226747,0.20117176949472457
15576.0,0.1795773640785728,0.20140200183952087
15588.0,0.1794652659154528,0.20162521445466702
15600.0,0.17934006260212254,0.20184139521452021
15612.0,0.1792017816686538,0.20205053249454957
15624.0,0.17905045350588367,0.20225261515699974
15636.0,0.17888611135428062,0.20244763253993753
15648.0,0.17870879129177328,0.20263557445022914
15660.0,0.17851853222054823,0.20281643116061113
15672.0,0.178315375852824,0.20299019341064628
15684.0,0.1780993666956078,0.20315685241102802
15696.0,0.17787055203444355,0.20331639985044625
15708.0,0.17762898191615892,0.20346882790407905
15720.0,0.1773747091306205,0.20361412924274666
15732.0,0.1771077891915065,0.20375229704182576
15744.0,0.1768282803161062,0.20388332498918538
15756.0,0.17653624340415738,0.20400720729160315
15768.0,0.1762317420157315,0.2041239386793662
15780.0,0.1759148423481785,0.20423351440895537
15792.0,0.17558561321214317,0.2043359302639405
15804.0,0.17524412600666378,0.20443118255431125
15816.0,0.17489045469336803,0.20451926811458765
15828.0,0.17452467576977673,0.2046001843010622
15840.0,0.17414686824173076,0.2046739289885196
15852.0,0.17375711359495408,0.2047405005667438
15864.0,0.17335549576576745,0.20479989793705458
15876.0,0.17294210111096767,0.20485212050903728
15888.0,0.17251701837688738,0.20489716819759005
15900.0,0.1720803386676507,0.20493504142032629
15912.0,0.1716321554126413,0.20496574109532337
15924.0,0.1711725643331981,0.20498926863916966
15936.0,0.17070166340855636,0.20500562596520314
15948.0,0.17021955284105014,0.20501481548180764
15960.0,0.1697263350205941,0.20501684009060517
15972.0,0.16922211448846175,0.20501170318437548
15984.0,0.1687069979003786,0.2049994086445316
15996.0,0.16818109398894798,0.20497996083803863
16008.0,0.1676445135254282,0.20495336461369582
16020.0,0.16709736928087993,0.20491962529780555
16032.0,0.1665397759867028,0.20487874868933767
16044.0,0.1659718502945806,0.20483074105478108
16056.0,0.16539371073585427,0.20477560912296905
16068.0,0.16480547768034323,0.20471336008017307
16080.0,0.16420727329463405,0.20464400156578585
16092.0,0.16359922149985767,0.2045675416688295
16104.0,0.16298144792897473,0.20448398892544947
16116.0,0.16235407988359007,0.20439335231739944
16128.0,0.16171724629031714,0.20429564127137656
16140.0,0.1610710776567128,0.20419086565895095
16152.0,0.16041570602680424,0.20407903579669567
16164.0,0.15975126493622827,0.20396016244611415
16176.0,0.15907788936700518,0.20383425681294753
16188.0,0.158395715701968,0.20370133054555598
16200.0,0.1577048816788687,0.20356139573219645
16212.0,0.15700552634418294,0.20341446489717285
16224.0,0.15629779000663524,0.20326055099604143
16236.0,0.15558181419046552,0.20309966741016053
16248.0,0.15485774158845947,0.20293182794098102
16260.0,0.1541257160147641,0.20275704680447781
16272.0,0.15338588235751027,0.20257533862606047
16284.0,0.15263838653126371,0.20238671843616443
16296.0,0.15188337542932676,0.20219120166653273
16308.0,0.15112099687591204,0.20198880414701187
16320.0,0.15035139957820978,0.20177954210248952
16332.0,0.1495747330783708,0.2015634321494907
16344.0,0.14879114770542595,0.20134049129190157
16356.0,0.14800079452716433,0.20111073691533318
16368.0,0.14720382530199097,0.20087418677979926
16380.0,0.14640039243078545,0.20063085901059904
16392.0,0.14559064890878273,0.2003807720875534
16404.0,0.14477474827749734,0.20012394483305085
16416.0,0.14395284457671131,0.19986039639957295
16428.0,0.143125092296547,0.1995901462575737
16440.0,0.14229164632964542,0.1993132141846332
16452.0,0.14145266192347047,0.19902962025679916
16464.0,0.14060829463275884,0.19873938484286163
16476.0,0.13975870027213635,0.19844252860207798
16488.0,0.1389040348689202,0.19813907248555018
16500.0,0.1380444546161266,0.19782903774113306
16512.0,0.1371801158257036,0.19751244592141876
16524.0,0.13631117488200795,0.1971893188940837
16536.0,0.13543778819554492,0.19685967885368197
16548.0,0.13456011215699026,0.19652354833385502
16560.0,0.13367830309151188,0.19618095021895385
16572.0,0.13279251721341015,0.1958319077541255
16584.0,0.1319029105810942,0.19547644455309998
16596.0,0.13100963905241217,0.19511458460311162
16608.0,0.13011285824035235,0.19474635226663659
16620.0,0.1292127234691322,0.19437177227984928
16632.0,0.1283093897306925,0.19399086974792787
16644.0,0.12740301164161197,0.19360367013749627
16656.0,0.12649374340045913,0.19321019926664051
16668.0,0.12558173874559705,0.19281048329299746
16680.0,0.12466715091345573,0.1924045487004752
16692.0,0.12375013259728776,0.19199242228515145
16704.0,0.12283083590642167,0.19157413114087615
16716.0,0.12190941232602695,0.19114970264505204
16728.0,0.120986012677405,0.190719164445003
16740.0,0.12006078707881954,0.19028254444526482
16752.0,0.11913388490687925,0.18983987079603268
16764.0,0.11820545475848601,0.18939117188291596
16776.0,0.11727564441336052,0.18893647631804877
16788.0,0.11634460079715754,0.18847581293248067
16800.0,0.11541246994518271,0.18800921076969745
16812.0,0.11447939696672142,0.18753669908000573
16824.0,0.1135455260099911,0.18705830731546513
16836.0,0.11261100022772719,0.18657406512498087
16848.0,0.11167596174341254,0.18608400234918027
16860.0,0.11074055161816018,0.18558814901471996
16872.0,0.10980490981825841,0.18508653532773353
16884.0,0.10886917518338671,0.18457919166624046
16896.0,0.10793348539551154,0.18406614857147618
16908.0,0.10699797694846909,0.1835474367382401
16920.0,0.10606278511824296,0.18302308700450517
16932.0,0.10512804393394386,0.18249313034066744
16944.0,0.10419388614949757,0.18195759783889337
16956.0,0.10326044321604795,0.18141652070307032
16968.0,0.10232784525508053,0.1808699302398577
16980.0,0.10139622103227178,0.18031785785126575
16992.0,0.10046569793206962,0.17976033502906968
17004.0,0.09953640193300939,0.17919739335123536
17016.0,0.09860845758376927,0.17862906448033802
17028.0,0.09768198797996926,0.17805538016380218
17040.0,0.09675711474171665,0.17747637223564725
17052.0,0.09583395799190117,0.1768920726193012
17064.0,0.094912636335242,0.17630251333100044
17076.0,0.09399326683808905,0.1757077264832814
17088.0,0.0930759650089798,0.175107744288136
17100.0,0.09216084477995336,0.17450259905949247
17112.0,0.09124801848862228,0.1738923232148317
17124.0,0.09033759686100261,0.17327694927588233
17136.0,0.08942968899510269,0.17265650986849085
17148.0,0.08852440234526983,0.17203103772188505
17160.0,0.0876218427072943,0.1714005656676102
17172.0,0.08672211420426998,0.17076512663845866
17184.0,0.08582531927320954,0.17012475366769242
17196.0,0.08493155865241281,0.16947947988876702
17208.0,0.08404093136958618,0.1688293385356766
17220.0,0.08315353473070984,0.16817436294389282
17232.0,0.08226946430965096,0.1675145865517443
17244.0,0.0813888139385186,0.16685004290196406
17256.0,0.08051167569875715,0.16618076564304513
17268.0,0.07963813991297466,0.16550678853001186
17280.0,0.07876829513750111,0.1648281454242189
17292.0,0.07790222815567248,0.16414487029185393
17304.0,0.07704002397183567,0.16345699720093002
17316.0,0.07618176580606881,0.1627645603166819
17328.0,0.07532753508961146,0.16206759389543443
17340.0,0.07447741146099915,0.16136613227715532
17352.0,0.07363147276289568,0.1606602098770228
17364.0,0.0727897950396169,0.15994986117643092
17376.0,0.07195245253533947,0.1592351207138999
17388.0,0.07111951769298722,0.1585160230763469
17400.0,0.07029106115378823,0.15779260289113756
17412.0,0.06946715175749481,0.1570648948192456
17424.0,0.06864785654325867,0.15633293354975275
17436.0,0.0678332407511536,0.15559675379579913
17448.0,0.06702336782433684,0.15485639029200013
17460.0,0.06621829941184108,0.15411187779326002
17472.0,0.06541809537198823,0.15336325107485219
17484.0,0.06462281377641603,0.1526105449336179
17496.0,0.06383251091470858,0.15185379419013972
17508.0,0.06304724129962101,0.1510930336917856
17520.0,0.06226705767288932,0.15032829831654923
17532.0,0.061492011011615264,0.1495596229776682
17544.0,0.060722150535216624,0.14878704262903114
17556.0,0.05995752371293286,0.14801059227139463
17568.0,0.05919817627187573,0.14723030695940237
17580.0,0.05844415220561481,0.1464462218093706
17592.0,0.05769549378328707,0.14565837200769066
17604.0,0.05695224155922033,0.14486679281962941
17616.0,0.05621443438305928,0.14407151959817574
17628.0,0.05548210941038386,0.14327258779249624
17640.0,0.05475530211380833,0.14247003295546612
17652.0,0.05403404629455043,0.1416638907497041
17664.0,0.053318374094459296,0.14085419695152443
17676.0,0.052608316008490516,0.1400409874522789
17688.0,0.051903900897617844,0.1392242982566359
17700.0,0.051205156002169114,0.13840416547749973
17712.0,0.05051210695557547,0.13758062532743504
17724.0,0.04982477779852227,0.13675371410665385
17736.0,0.04914319099349002,0.13592346818781925
17748.0,0.04846736743967355,0.13508992399810557
17760.0,0.047797326488268115,0.13425311799910578
17772.0,0.047133085958110325,0.133413086665298
17784.0,0.04647466215166235,0.13256986646185343
17796.0,0.04582206987132766,0.13172349382257456
17808.0,0.045175322436086664,0.13087400512873396
17820.0,0.044534431698440194,0.13002143668948213
17832.0,0.04389940806164943,0.12916582472438476
17844.0,0.04327026049726025,0.1283072053484903
17856.0,0.04264699656290058,0.12744561456016118
17868.0,0.04202962242033883,0.12658108823173103
17880.0,0.04141814285379179,0.1257136621028786
17892.0,0.04081256128847073,0.12484337177647589
17904.0,0.04021287980935357,0.12397025271653216
17916.0,0.03961909918017206,0.1230943402477905
17928.0,0.03903121886260237,0.12221566955647409
17940.0,0.03844923703564769,0.12133427569168877
17952.0,0.03787315061520146,0.12045019356701009
17964.0,0.03730295527378033,0.11956345796185702
17976.0,0.03673864546041516,0.11867410352234085
17988.0,0.03618021442068938,0.11778216476139754
18000.0,0.03562765421691368,0.11688767605811703
18012.0,0.03508095574842589,0.11599067165630202
18024.0,0.034540108772005675,0.11509118566239036
18036.0,0.03400510192239302,0.11418925204294851
18048.0,0.03347592273290005,0.11328490462199263
18060.0,0.03295255765610578,0.11237817707841133
18072.0,0.032434992084623464,0.11146910294373936
18084.0,0.031923210371930154,0.11055771560048945
18096.0,0.03141719585324872,0.10964404828116002
18108.0,0.030916930866472028,0.10872813406795069
18120.0,0.03042239677311965,0.1078100058931066
18132.0,0.029933573979317476,0.10688969653971177
18144.0,0.029450441956790425,0.10596723864266136
18156.0,0.028972979263859305,0.1050426646894778
18168.0,0.028501163566432074,0.10411600702059204
18180.0,0.028034971658980837,0.10318729782871261
18192.0,0.027574379485495362,0.10225656915693616
18204.0,0.027119362160404503,0.10132385289531508
18216.0,0.026669893989456742,0.10038918077569604
18228.0,0.026225948490551734,0.09945258436475152
18240.0,0.025787498414514026,0.09851409505525396
18252.0,0.025354515765801347,0.09757374405576799
18264.0,0.02492697182313923,0.09663156237904326
18276.0,0.024504837160074112,0.09568758082949246
18288.0,0.024088081665437678,0.09474182999020066
18300.0,0.023676674563714507,0.09379434020994688
18312.0,0.023270584435306135,0.092845141590723
18324.0,0.02286977923668422,0.09189426397619438
18336.0,0.022474226320426127,0.09094173694148959
18348.0,0.022083892455125775,0.08998758978461943
18360.0,0.021698743845173802,0.08903185151971771
18372.0,0.021318746150400143,0.08807455087219064
18384.0,0.02094386450557297,0.08711571627575475
18396.0,0.02057406353974818,0.08615537587124385
18408.0,0.020209307395463387,0.08519355750698346
18420.0,0.019849559747770723,0.08423028874048144
18432.0,0.019494783823103268,0.0832655968411401
18444.0,0.019144942417969497,0.08229950879370106
18456.0,0.018799997917470782,0.08133205130213976
18468.0,0.018459912313637094,0.08036325079377139
18480.0,0.018124647223575967,0.07939313342337678
18492.0,0.01779416390743039,0.07842172507721996
18504.0,0.01746842328614103,0.0774490513768808
18516.0,0.01714738595900877,0.07647513768289062
18528.0,0.01683101222105333,0.0755000090981936
18540.0,0.016519262080164316,0.0745236904714906
18552.0,0.01621209527404091,0.07354620640053129
18564.0,0.015909471286916752,0.0725675812354188
18576.0,0.015611349366066663,0.0715878390819662
18588.0,0.015317688538092032,0.07060700380512004
18600.0,0.015028447624982007,0.06962509903241795
18612.0,0.014743585259947468,0.06864214815740993
18624.0,0.014463059903025417,0.06765817434293436
18636.0,0.014186829856451038,0.06667320052410355
18648.0,0.013914853279795325,0.06568724941083558
18660.0,0.013647088204865987,0.06470034348975666
18672.0,0.01338349255036976,0.06371250502531194
18684.0,0.013124024136334176,0.06272375605993559
18696.0,0.012868640698287314,0.06173411841317222
18708.0,0.012617299901193748,0.06074361367968078
18720.0,0.012369959353145629,0.059752263226102484
18732.0,0.012126576618807432,0.058760088186832676
18744.0,0.01188710923261352,0.057767109458778956
18756.0,0.011651514711717416,0.05677334769524179
18768.0,0.011419750568692271,0.055778823299086434
18780.0,0.01119177432398157,0.05478355641540461
18792.0,0.010967543518099915,0.053787566923878545
18804.0,0.010747015723583312,0.05279087443106513
18816.0,0.010530148556688821,0.05179349826280745
18828.0,0.010316899688843561,0.05079545745696551
18840.0,0.010107226857842962,0.04979677075663205
18852.0,0.009901087878798554,0.048797456603968115
18864.0,0.009698440654835553,0.04779753313475924
18876.0,0.009499243187540682,0.04679701817376088
18888.0,0.009303453587160669,0.04579592923086678
18900.0,0.009111030082552285,0.04479428349810864
18912.0,0.008921931030884407,0.04379209784746831
18924.0,0.00873611492709323,0.04278938882946782
18936.0,0.008553540413091462,0.04178617267248948
18948.0,0.008374166286732638,0.04078246528276782
18960.0,0.008197951510531787,0.03977828224499807
18972.0,0.008024855220143633,0.038773638823499865
18984.0,0.007854836732599834,0.037768549963883916
18996.0,0.007687855554306642,0.03676303029517175
19008.0,0.007523871388804647,0.03575709413232247
19020.0,0.007362844144292143,0.03475075547912838
19032.0,0.007204733940914016,0.03374402803144208
19044.0,0.007049501117817808,0.03273692518070131
19056.0,0.006897106239978997,0.0317294600177158
19068.0,0.0067475101047974,0.030721645336681824
19080.0,0.006600673748466801,0.029713493639383578
19092.0,0.006456558452119839,0.02870501713953972
19104.0,0.006315125747750519,0.02769622776724672
19116.0,0.006176337423916419,0.026687137173467584
19128.0,0.006040155531223023,0.02567775673451112
19140.0,0.005906542387592557,0.024668097556443874
19152.0,0.005775460583319708,0.0236581704793767
19164.0,0.005646872985916817,0.02264798608156908
19176.0,0.005520742744750993,0.02163755468329687
19188.0,0.005397033295475797,0.020626886350434366
19200.0,0.005275708364260141,0.019615990897708706
19212.0,0.005156731971817059,0.018604877891590932
19224.0,0.005040068437235107,0.01759355665279954
19236.0,0.004925682381615156,0.016582036258401402
19248.0,0.0048135387315153535,0.015570325543505452
19260.0,0.004703602722207128,0.014558433102556414
19272.0,0.004595839900745084,0.013546367290246728
19284.0,0.004490216128853689,0.01253413622207584
19296.0,0.004386697585633698,0.011521747774596929
19308.0,0.0042852507700912494,0.010509209585402444
19320.0,0.004185842503492581,0.00949652905290847
19332.0,0.0040884399315474365,0.008483713336008666
19344.0,0.003993010526424074,0.007470769353676197
19356.0,0.00389952208859898,0.006457703784600122
19368.0,0.0038079427485443185,0.005444523066948115
19380.0,0.003718240968256118,0.004431233398352465
19392.0,0.00363038554262632,0.0034178407362171984
19404.0,0.0035443456006617313,0.0024043507984444976
19416.0,0.0034600906065529458,0.0013907690646743232
19428.0,0.0033775903605963316,0.0003771007781240919
19440.0,0.0032968149999721666,-0.0006366490518952323
19452.0,0.0032177349993819885,-0.0016504756467248332
19464.0,0.003140321171548245,-0.0026643744543214656
19476.0,0.0030645446675793084,-0.003678341144415503
19488.0,0.0029903769772029903,-0.004692371602863953
19500.0,0.0029177899288714624,-0.005706461925223987
19512.0,0.0028467556897408723,-0.006720608409598164
19524.0,0.0027772467655284372,-0.007734807548828181
19536.0,0.0027092360002502797,-0.0087490560221374
19548.0,0.002642696575842887,-0.00976335068634316
19560.0,0.002577602011671207,-0.010777688566776855
19572.0,0.0025139261639264736,-0.011792066848061365
19584.0,0.00245164322491657,-0.012806482864900886
19596.0,0.0023907277222520538,-0.013820934093039156
19608.0,0.0023311545179306573,-0.014835418140533744
19620.0,0.00227289880732321,-0.015849932739483014
19632.0,0.0022159361180639197,-0.016864475738322407
19644.0,0.0021602423088477782,-0.017879045094784746
19656.0,0.002105793568138057,-0.01889363886959233
19668.0,0.002052566412786617,-0.019908255220918363
19680.0,0.0020005376865698406,-0.020922892399627763
19692.0,0.0019496845586430154,-0.021937548745275894
19704.0,0.001899984521915786,-0.02295222268281782
19716.0,0.001851415391351511,-0.023966912719956945
19728.0,0.0018039553021930819,-0.024981617445040863
19740.0,0.0017575827081179388,-0.02599633552540052
19752.0,0.0017122763793248606,-0.02701106570601667
19764.0,0.0016680154005550847,-0.028025806808397297
19776.0,0.0016247791690503623,-0.02904055772955006
19788.0,0.001582547392450412,-0.03005531744094255
19800.0,0.00154130008663228,-0.031070084987354783
19812.0,0.0015010175734940625,-0.032084859485542794
19824.0,0.001461680478685344,-0.03309964012265117
19836.0,0.0014232697292868215,-0.03411442615433166
19848.0,0.001385766551441342,-0.03512921690254291
19860.0,0.0013491524679387524,-0.036144011753027255
19872.0,0.0013134092957567817,-0.0371588101524768
19884.0,0.0012785191435601613,-0.038173611605416796
19896.0,0.0012444644091602385,-0.03918841567084578
19908.0,0.001211227776937163,-0.040203221958682735
19920.0,0.001178792215226817,-0.0412180301260766
19932.0,0.0011471409736745484,-0.042232839873637386
19944.0,0.0011162575805577046,-0.043247650941647946
19956.0,0.0010861258400790502,-0.044262463106313175
19968.0,0.0010567298296329268,-0.04527727617609856
19980.0,0.0010280538970461764,-0.04629208998820579
19992.0,0.0010000826577956203,-0.04730690440522181
20004.0,0.000972800992204003,-0.04832171931197514
20016.0,0.000946194042616181,-0.049336534612619935
20028.0,0.0009202472105572952,-0.0503513502279643
20040.0,0.0008949461538747156,-0.05136616609304793
20052.0,0.0008702767838653745,-0.052380982154973235
20064.0,0.0008462252623901876,-0.0533957983709817
20076.0,0.000822777998977165,-0.05441061470676513
20088.0,0.0007999216479147427,-0.055425431135001195
20100.0,0.0007776431053369334,-0.056440247634094255
20112.0,0.0007559295063017289,-0.05745506418710473
20124.0,0.0007347682218642546,-0.058469880780845605
20136.0,0.0007141468561460714,-0.059484697405130155
20148.0,0.0006940532434020077,-0.06049951405215046
20160.0,0.0006744754450858811,-0.06151433071596856
20172.0,0.000655401746916389,-0.06252914739210377
20184.0,0.0006368206559444734,-0.06354396407720189
20196.0,0.0006187208976233507,-0.06455878076877206
20208.0,0.000601091412882443,-0.06557359746497941
20220.0,0.0005839213552063533,-0.0665884141644832
20232.0,0.0005672000877199996,-0.06760323086631173
20244.0,0.0005509171802810272,-0.06861804756976679
20256.0,0.0005350624065805246,-0.0696328642743504
20268.0,0.0005196257412530859,-0.07064768097971083
20280.0,0.0005045973569972005,-0.07166249768560137
20292.0,0.0004899676217069122,-0.07267731439185098
20304.0,0.0004757270956156929,-0.0736921310983412
20316.0,0.00046186652845338973,-0.07470694780499183
20328.0,0.00044837685661712245,-0.07572176451174836
20340.0,0.00043524920035695305,-0.07673658121857378
20352.0,0.00042247486097709755,-0.07775139792544417
20364.0,0.0004100453180534755,-0.07876621463234312
20376.0,0.0003979522266682937,-0.0797810313392605
20388.0,0.00038618741466239586,-0.0807958480461894
20400.0,0.00037474287990601823,-0.08181066475312566
20412.0,0.0003636107875886177,-0.08282548146006646
20424.0,0.00035278346752837795,-0.08384029816700982
20436.0,0.00034225341150196655,-0.08485511487395486
20448.0,0.0003320132705951244,-0.08586993158090081
20460.0,0.00032205585257459097,-0.08688474828784755
20472.0,0.00031237411928189163,-0.08789956499479454
20484.0,0.00030296118404945436,-0.0889143817017417
20496.0,0.0002938103091395025,-0.08992919840868908
20508.0,0.0002849149032061657,-0.09094401511563648
20520.0,0.0002762685187811937,-0.09195883182258391
20532.0,0.0002678648497836657,-0.09297364852953138
20544.0,0.0002596977290540434,-0.09398846523647882
20556.0,0.00025176112591289467,-0.09500328194342629
20568.0,0.00024404914374461003,-0.09601809865037376
20580.0,0.00023655601760638254,-0.09703291535732118
20592.0,0.0002292761118627288,-0.09804773206426863
20604.0,0.0002222039178457938,-0.09906254877121613
20616.0,0.00021533405154165175,-0.1000773654781636
20628.0,0.00020866125130282684,-0.10109218218511108
20640.0,0.00020218037558719575,-0.10210699889205863
20652.0,0.00019588640072345807,-0.1031218155990061
20664.0,0.00018977441870330182,-0.10413663230595359
20676.0,0.00018383963500040896,-0.10515144901290112
20688.0,0.00017807736641640217,-0.1061662657198486
20700.0,0.00017248303895382673,-0.10718108242679611
20712.0,0.00016705218571625298,-0.1081958991337436
20724.0,0.00016178044483554789,-0.10921071584069103
20736.0,0.00015666355742637286,-0.1102255325476385
20748.0,0.0001516973655679326,-0.11124034925458601
20760.0,0.00014687781031298667,-0.11225516596153347
20772.0,0.00014220092972413613,-0.11326998266848096
20784.0,0.0001376628569373577,-0.11428479937542846
20796.0,0.0001332598182527737,-0.11529961608237585
20808.0,0.00012898813125261015,-0.11631443278932328
20820.0,0.0001248442029462913,-0.11732924949627076
20832.0,0.00012082452794261427,-0.11834406620321819
20844.0,0.00011692568664891814,-0.11935888291016566
20856.0,0.00011314434349717233,-0.12037369961711313
20868.0,0.00010947724519687513,-0.12138851632406049
20880.0,0.00010592121901466523,-0.12240333303100794
20892.0,0.00010247317108052249,-0.12341814973795542
20904.0,9.913008472042957e-5,-0.12443296644490287
20916.0,9.588901881536401e-5,-0.12544778315185043
20928.0,9.274710618646716e-5,-0.12646259985879799
20940.0,8.970155200624258e-5,-0.1274774165657455
20952.0,8.674963223561921e-5,-0.128492233272693
20964.0,8.388869208670637e-5,-0.12950704997964055
20976.0,8.111614451106972e-5,-0.13052186668658805
20988.0,7.842946871333723e-5,-0.13153668339353555
21000.0,7.582620868994822e-5,-0.13255150010048306
21012.0,7.330397179284684e-5,-0.13356631680743047
21024.0,7.086042731791415e-5,-0.13458113351437798
21036.0,6.849330511793349e-5,-0.13559595022132548
21048.0,6.620039423987002e-5,-0.13661076692827295
21060.0,6.397954158624738e-5,-0.13762558363522048
21072.0,6.182865060039636e-5,-0.13864040034216804
21084.0,5.974567997534318e-5,-0.13965521704911554
21096.0,5.7728642386109164e-5,-0.14067003375606305
21108.0,5.577560324517743e-5,-0.14168485046301063
21120.0,5.388467948089248e-5,-0.1426996671699582
21132.0,5.205403833854129e-5,-0.14371448387690583
21144.0,5.028189620387243e-5,-0.14472930058385347
21156.0,4.856651744880055e-5,-0.145744117290801
21168.0,4.6906213299041706e-5,-0.1467589339977486
21180.0,4.529934072342626e-5,-0.14777375070469614
21192.0,4.374430134462699e-5,-0.14878856741164365
21204.0,4.2239540371046046e-5,-0.1498033841185912
21216.0,4.078354554959675e-5,-0.1508182008255388
21228.0,3.9374846139115194e-5,-0.15183301753248632
21240.0,3.8012011904140394e-5,-0.15284783423943385
21252.0,3.6693652128792525e-5,-0.1538626509463814
21264.0,3.5418414650484953e-5,-0.15487746765332894
21276.0,3.418498491320161e-5,-0.15589228436027652
21288.0,3.299208504006956e-5,-0.1569071010672241
21300.0,3.1838472924960114e-5,-0.1579219177741716
21312.0,3.0722941342847084e-5,-0.15893673448111914
21324.0,2.9644317078654778e-5,-0.15995155118806673
21336.0,2.8601460074324665e-5,-0.16096636789501428
21348.0,2.759326259383304e-5,-0.16198118460196187
21360.0,2.6618648405890715e-5,-0.16299600130890948
21372.0,2.5676571984055324e-5,-0.16401081801585696
21384.0,2.4766017723991247e-5,-0.16502563472280443
21396.0,2.3885999177607446e-5,-0.166040451429752
21408.0,2.3035558303809842e-5,-0.1670552681366995
21420.0,2.221376473560236e-5,-0.16807008484364702
21432.0,2.1419715063272384e-5,-0.16908490155059455
21444.0,2.0652532133399815e-5,-0.170099718257542
21456.0,1.9911364363426847e-5,-0.17111453496448947
21468.0,1.9195385071530602e-5,-0.17212935167143706
21480.0,1.8503791821539427e-5,-0.1731441683783846
21492.0,1.7835805782636664e-5,-0.1741589850853322
21504.0,1.7190671103597956e-5,-0.17517380179227993
21516.0,1.656765430130826e-5,-0.17618861849922748
21528.0,1.596604366330882e-5,-0.17720343520617507
21540.0,1.5385148664123918e-5,-0.1782182519131227
21552.0,1.4824299395121732e-5,-0.17923306862007024
21564.0,1.4282846007664043e-5,-0.18024788532701788
21576.0,1.37601581693018e-5,-0.18126270203396558
21588.0,1.3255624532777445e-5,-0.18227751874091316
21600.0,1.2768652217594533e-5,-0.1832923354478609
