t,psi
0.0,8.137210727905412e-7
12.0,8.503585200929224e-7
24.0,8.885802737861118e-7
36.0,9.284518032935602e-7
48.0,9.700411465026164e-7
60.0,1.0134190045744482e-6
72.0,1.0586588400044007e-6
84.0,1.1058369780343382e-6
96.0,1.1550327115210419e-6
108.0,1.2063284093678148e-6
120.0,1.2598096286291345e-6
132.0,1.315565230401301e-6
144.0,1.3736874996150198e-6
156.0,1.4342722688488777e-6
168.0,1.4974190462860046e-6
180.0,1.5632311479391873e-6
192.0,1.6318158342732427e-6
204.0,1.703284451356682e-6
216.0,1.777752576678106e-6
228.0,1.8553401697664068e-6
240.0,1.9361717277572435e-6
252.0,2.0203764460520155e-6
264.0,2.1080883842192926e-6
276.0,2.1994466372922985e-6
288.0,2.2945955126200707e-6
300.0,2.3936847124336674e-6
312.0,2.496869522293052e-6
324.0,2.6043110055840256e-6
336.0,2.7161762042390048e-6
348.0,2.832638345859592e-6
360.0,2.9538770574230492e-6
372.0,3.0800785857594083e-6
384.0,3.2114360249901892e-6
396.0,3.3481495511242644e-6
408.0,3.4904266640112213e-6
420.0,3.6384824368568642e-6
432.0,3.792539773510715e-6
444.0,3.952829673739765e-6
456.0,4.119591506707923e-6
468.0,4.293073292885669e-6
480.0,4.473531994619026e-6
492.0,4.6612338155927535e-6
504.0,4.856454509427205e-6
516.0,5.059479697654355e-6
528.0,5.270605197322936e-6
540.0,5.490137358488961e-6
552.0,5.718393411852951e-6
564.0,5.955701826810677e-6
576.0,6.2024026801904305e-6
588.0,6.458848035954833e-6
600.0,6.7254023361516655e-6
612.0,7.002442803403861e-6
624.0,7.290359855234286e-6
636.0,7.58955753052801e-6
648.0,7.900453928439601e-6
660.0,8.223481660060073e-6
672.0,8.559088313164054e-6
684.0,8.907736930363554e-6
696.0,9.269906501002193e-6
708.0,9.646092467128518e-6
720.0,1.00368072438951e-5
732.0,1.0442580754735708e-5
744.0,1.0863960981679351e-5
756.0,1.130151453116748e-5
768.0,1.175582721574581e-5
780.0,1.2227504652010813e-5
792.0,1.2717172875196003e-5
804.0,1.3225478970790745e-5
816.0,1.375309172359132e-5
828.0,1.4300702284590243e-5
840.0,1.4869024856117284e-5
852.0,1.545879739565214e-5
864.0,1.6070782338735875e-5
876.0,1.6705767341415577e-5
888.0,1.7364566042662576e-5
900.0,1.8048018847213074e-5
912.0,1.8756993729285868e-5
924.0,1.9492387057638723e-5
936.0,2.0255124442434264e-5
948.0,2.1046161604389e-5
960.0,2.1866485266691187e-5
972.0,2.2717114070175312e-5
984.0,2.3599099512252444e-5
996.0,2.4513526910098778e-5
1008.0,2.546151638861385e-5
1020.0,2.6444223893667274e-5
1032.0,2.7462842231156588e-5
1044.0,2.851860213240975e-5
1056.0,2.9612773346468932e-5
1068.0,3.0746665759800906e-5
1080.0,3.1921630543986336e-5
1092.0,3.3139061331943616e-5
1104.0,3.44003954232545e-5
1116.0,3.5707115019160106e-5
1128.0,3.706074848780433e-5
1140.0,3.84628716603098e-5
1152.0,3.9915109158272055e-5
1164.0,4.141913575327065e-5
1176.0,4.297667775899489e-5
1188.0,4.458951445659166e-5
1200.0,4.625947955384857e-5
1212.0,4.798846267882651e-5
1224.0,4.977841090856712e-5
1236.0,5.163133033349955e-5
1248.0,5.3549287658180965e-5
1260.0,5.55344118390059e-5
1272.0,5.758889575952461e-5
1284.0,5.971499794401862e-5
1296.0,6.191504430997812e-5
1308.0,6.419142996013832e-5
1320.0,6.65466210147268e-5
1332.0,6.89831564845826e-5
1344.0,7.150365018581167e-5
1356.0,7.411079269663695e-5
1368.0,7.680735335711771e-5
1380.0,7.95961823124003e-5
1392.0,8.248021260017391e-5
1404.0,8.546246228300403e-5
1416.0,8.854603662621239e-5
1428.0,9.173413032198133e-5
1440.0,9.503002976035099e-5
1452.0,9.8437115347788e-5
1464.0,0.00010195886387399187
1476.0,0.00010559885092761513
1488.0,0.00010936075336156748
1500.0,0.00011324835180856566
1512.0,0.00011726553324760429
1524.0,0.00012141629362200139
1536.0,0.00012570474050968108
1548.0,0.00013013509584635323
1560.0,0.0001347116987022312
1572.0,0.0001394390081129436
1584.0,0.00014432160596527293
1596.0,0.00014936419993835795
1608.0,0.0001545716265009909
1620.0,0.00015994885396561847
1632.0,0.00016550098559967507
1644.0,0.00017123326279483374
1656.0,0.0001771510682947854
1668.0,0.0001832599294821171
1680.0,0.00018956552172487055
1692.0,0.0001960736717833431
1704.0,0.0002027903612776743
1716.0,0.0002097217302167659
1728.0,0.00021687408058904806
1740.0,0.0002242538800156065
1752.0,0.0002318677654661679
1764.0,0.00023972254703841003
1776.0,0.00024782521180107393
1788.0,0.0002561829277013062
1800.0,0.0002648030475366631
1812.0,0.00027369311299218785
1824.0,0.00028286085874293084
1836.0,0.00029231421662229536
1848.0,0.0003020613198565357
1860.0,0.0003121105073657283
1872.0,0.00032247032813152536
1884.0,0.00033314954563193425
1896.0,0.0003441571423433943
1908.0,0.00035550232431034035
1920.0,0.0003671945257824667
1932.0,0.00037924341391983154
1944.0,0.0003916588935659322
1956.0,0.00040445111208886977
1968.0,0.00041763046429063247
1980.0,0.00043120759738456686
1992.0,0.00044519341604100544
2004.0,0.0004595990875010224
2016.0,0.0004744360467582546
2028.0,0.0004897160018086452
2040.0,0.0005054509389679895
2052.0,0.0005216531282570671
2064.0,0.0005383351288541294
2076.0,0.0005555097946144845
2088.0,0.000573190279656822
2100.0,0.0005913900440159564
2112.0,0.0006101228593615251
2124.0,0.0006294028147822367
2136.0,0.0006492443226351085
2148.0,0.0006696621244591643
2160.0,0.0006906712969529844
2172.0,0.0007122872580154143
2184.0,0.0007345257728487563
2196.0,0.0007574029601236359
2208.0,0.0007809352982047291
2220.0,0.0008051396314364775
2232.0,0.000830033176487811
2244.0,0.0008556335287549164
2256.0,0.000881958668820945
2268.0,0.0009090269689715443
2280.0,0.0009368571997650457
2292.0,0.0009654685366559898
2304.0,0.0009948805666707343
2316.0,0.0010251132951336886
2328.0,0.0010561871524427439
2340.0,0.0010881230008923826
2352.0,0.0011209421415428061
2364.0,0.0011546663211334741
2376.0,0.0011893177390392322
2388.0,0.0012249190542672804
2400.0,0.0012614933924930012
2412.0,0.0012990643531327146
2424.0,0.0013376560164513112
2436.0,0.001377292950702568
2448.0,0.0014180002192999987
2460.0,0.001459803388015883
2472.0,0.0015027285322061071
2484.0,0.0015468022440583765
2496.0,0.0015920516398611833
2508.0,0.0016385043672909724
2520.0,0.0016861886127147027
2532.0,0.0017351331085050188
2544.0,0.0017853671403651784
2556.0,0.0018369205546606363
2568.0,0.0018898237657543218
2580.0,0.001944107763342333
2592.0,0.001999804119786856
2604.0,0.0020569449974429123
2616.0,0.0021155631559754686
2628.0,0.002175691959663436
2640.0,0.0022373653846867883
2652.0,0.002300618026393238
2664.0,0.002365485106540452
2676.0,0.0024320024805100067
2688.0,0.00250020664448905
2700.0,0.00257013474261544
2712.0,0.002641824574082316
2724.0,0.0027153146001976246
2736.0,0.002790643951394261
2748.0,0.0028678524341863697
2760.0,0.0029469805380670415
2772.0,0.0030280694423429066
2784.0,0.0031111610229005954
2796.0,0.0031962978589004025
2808.0,0.003283523239391953
2820.0,0.0033728811698468795
2832.0,0.003464416378603354
2844.0,0.0035581743232170524
2856.0,0.0036542011967133584
2868.0,0.0037525439337351544
2880.0,0.003853250216580698
2892.0,0.003956368481126027
2904.0,0.004061947922625903
2916.0,0.004170038501387709
2928.0,0.004280690948312149
2940.0,0.004393956770294844
2952.0,0.004509888255482701
2964.0,0.004628538478378774
2976.0,0.004749961304789461
2988.0,0.004874211396607534
3000.0,0.005001344216424597
3012.0,0.005131416031966537
3024.0,0.005264483920345136
3036.0,0.00540060577211944
3048.0,0.005539840295159792
3060.0,0.00568224701830802
3072.0,0.005827886294826635
3084.0,0.005976819305630125
3096.0,0.006129108062291415
3108.0,0.006284815409816174
3120.0,0.006444005029178007
3132.0,0.006606741439607207
3144.0,0.006773090000625687
3156.0,0.006943116913821079
3168.0,0.007116889224352165
3180.0,0.007294474822178641
3192.0,0.007475942443007458
3204.0,0.007661361668948252
3216.0,0.007850802928870592
3228.0,0.00804433749845495
3240.0,0.008242037499930393
3252.0,0.008443975901490805
3264.0,0.008650226516382337
3276.0,0.008860864001654298
3288.0,0.009075963856565769
3300.0,0.00929560242064026
3312.0,0.00951985687136076
3324.0,0.00974880522149741
3336.0,0.009982526316060144
3348.0,0.010221099828868544
3360.0,0.010464606258731404
3372.0,0.01071312692522807
3384.0,0.010966743964084187
3396.0,0.011225540322134159
3408.0,0.011489599751862645
3420.0,0.011759006805517747
3432.0,0.012033846828788306
3444.0,0.012314205954037805
3456.0,0.012600171093087677
3468.0,0.01289182992954255
3480.0,0.013189270910650247
3492.0,0.013492583238689381
3504.0,0.01380185686187736
3516.0,0.01411718246479191
3528.0,0.01443865145829913
3540.0,0.01476635596898124
3552.0,0.015100388828057395
3564.0,0.015440843559790873
3576.0,0.015787814369376107
3588.0,0.016141396130299395
3600.0,0.016501684371166787
3612.0,0.016868775261993266
3624.0,0.01724276559994724
3636.0,0.01762375279454425
3648.0,0.018011834852284747
3660.0,0.018407110360730044
3672.0,0.01880967847201128
3684.0,0.019219638885766242
3696.0,0.019637091831499195
3708.0,0.020062138050358665
3720.0,0.02049487877632902
3732.0,0.020935415716831114
3744.0,0.021383851032728135
3756.0,0.021840287317732517
3768.0,0.022304827577210418
3780.0,0.02277757520638007
3792.0,0.023258633967900975
3804.0,0.02374810796885096
3816.0,0.024246101637088083
3828.0,0.024752719696995527
3840.0,0.025268067144606485
3852.0,0.02579224922210791
3864.0,0.026325371391720986
3876.0,0.026867539308957137
3888.0,0.02741885879524856
3900.0,0.027979435809952605
3912.0,0.028549376421729264
3924.0,0.02912878677929202
3936.0,0.029717773081532173
3948.0,0.03031644154701683
3960.0,0.030924898382862193
3972.0,0.03154324975298235
3984.0,0.03217160174571612
3996.0,0.03281006034083312
4008.0,0.03345873137592191
4020.0,0.034117720512162296
4032.0,0.034787133199485454
4044.0,0.03546707464112452
4056.0,0.036157649757560244
4068.0,0.036858963149865136
4080.0,0.03757111906245123
4092.0,0.03829422134522602
4104.0,0.039028373415162305
4116.0,0.039773678217287216
4128.0,0.040530238185097274
4140.0,0.041298155200405424
4152.0,0.04207753055262757
4164.0,0.042868464897515765
4176.0,0.04367105821534597
4188.0,0.044485409768568886
4200.0,0.04531161805893233
4212.0,0.04614978078408461
4224.0,0.04699999479366824
4236.0,0.04786235604491441
4248.0,0.04873695955774817
4260.0,0.049623899369416094
4272.0,0.05052326848864701
4284.0,0.05143515884935817
4296.0,0.05235966126391926
4308.0,0.053296865375986276
4320.0,0.054246859612919425
4332.0,0.055209731137798285
4344.0,0.05618556580104803
4356.0,0.05717444809169205
4368.0,0.05817646108824553
4380.0,0.05919168640926507
4392.0,0.0602202041635715
4404.0,0.061262092900161
4416.0,0.06231742955782209
4428.0,0.06338628941447556
4440.0,0.0644687460362553
4452.0,0.06556487122634751
4464.0,0.06667473497360779
4476.0,0.06779840540097483
4488.0,0.06893594871369944
4500.0,0.07008742914741041
4512.0,0.07125290891603561
4524.0,0.0724324481596006
4536.0,0.0736261048919251
4548.0,0.07483393494823919
4560.0,0.07605599193274085
4572.0,0.07729232716611777
4584.0,0.0785429896330552
4596.0,0.07980802592975418
4608.0,0.08108748021148256
4620.0,0.08238139414018311
4632.0,0.08368980683216319
4644.0,0.08501275480588966
4656.0,0.08635027192991493
4668.0,0.08770238937095867
4680.0,0.0890691355421709
4692.0,0.09045053605160241
4704.0,0.09184661365090858
4716.0,0.09325738818431271
4728.0,0.09468287653785613
4740.0,0.09612309258896166
4752.0,0.09757804715633767
4764.0,0.0990477479502505
4776.0,0.10053219952319208
4788.0,0.102031403220972
4800.0,0.1035453571342608
4812.0,0.10507405605061361
4824.0,0.10661749140700226
4836.0,0.10817565124288465
4848.0,0.10974852015383968
4860.0,0.11133607924579753
4872.0,0.11293830608989336
4884.0,0.11455517467797417
4896.0,0.11618665537878778
4908.0,0.11783271489488312
4920.0,0.11949331622025135
4932.0,0.12116841859873698
4944.0,0.12285797748324835
4956.0,0.12456194449579723
4968.0,0.1262802673883964
4980.0,0.1280128900048445
4992.0,0.12975975224342798
5004.0,0.13152079002056877
5016.0,0.1332959352354472
5028.0,0.13508511573562867
5040.0,0.1368882552837241
5052.0,0.13870527352511036
5064.0,0.14053608595674294
5076.0,0.14238060389708598
5088.0,0.1442387344571894
5100.0,0.14611038051294128
5112.0,0.14799544067852174
5124.0,0.14989380928108811
5136.0,0.15180537633671615
5148.0,0.15373002752762616
5160.0,0.15566764418071916
5172.0,0.15761810324745032
5184.0,0.15958127728506497
5196.0,0.16155703443922262
5208.0,0.1635452384280351
5220.0,0.16554574852754164
5232.0,0.16755841955864756
5244.0,0.16958310187554743
5256.0,0.1716196413556591
5268.0,0.17366787939108885
5280.0,0.1757276528816517
5292.0,0.17779879422946768
5304.0,0.1798811313351553
5316.0,0.18197448759564372
5328.0,0.18407868190362264
5340.0,0.18619352864864955
5352.0,0.188318837719934
5364.0,0.19045441451081566
5376.0,0.19260005992495466
5388.0,0.19475557038425115
5400.0,0.19692073783850872
5412.0,0.199095349776859
5424.0,0.20127918924096086
5436.0,0.20347203483998805
5448.0,0.20567366076741916
5460.0,0.2078838368196417
5472.0,0.21010232841638157
5484.0,0.2123288966229693
5496.0,0.21456329817445263
5508.0,0.21680528550156386
5520.0,0.2190546067585515
5532.0,0.22131100585288183
5544.0,0.2235742224768181
5556.0,0.2258439921408823
5568.0,0.22812004620920384
5580.0,0.23040211193675933
5592.0,0.23268991250850593
5604.0,0.23498316708040948
5616.0,0.2372815908223692
5628.0,0.23958489496303825
5640.0,0.24189278683653848
5652.0,0.24420496993106838
5664.0,0.24652114393939994
5676.0,0.2488410048112609
5688.0,0.25116424480759714
5700.0,0.2534905525567086
5712.0,0.25581961311225243
5724.0,0.25815110801310376
5736.0,0.2604847153450662
5748.0,0.2628201098044203
5760.0,0.2651569627633007
5772.0,0.2674949423368865
5784.0,0.2698337134523945
5796.0,0.2721729379198588
5808.0,0.2745122745046815
5820.0,0.2768513790019388
5832.0,0.2791899043124237
5844.0,0.28152750052040676
5856.0,0.28386381497309643
5868.0,0.28619849236177575
5880.0,0.2885311748045959
5892.0,0.29086150193100263
5904.0,0.293189110967771
5916.0,0.2955136368266249
5928.0,0.2978347121934146
5940.0,0.300151967618825
5952.0,0.30246503161058724
5964.0,0.3047735307271645
5976.0,0.3070770896728819
5988.0,0.309375331394469
6000.0,0.31166787717898453
6012.0,0.3139543467530886
6024.0,0.31623435838363
6036.0,0.31850752897951307
6048.0,0.3207734741948082
6060.0,0.32303180853307095
6072.0,0.32528214545283013
6084.0,0.3275240974742084
6096.0,0.3297572762866346
6108.0,0.3319812928576095
6120.0,0.33419575754248254
6132.0,0.3364002801951991
6144.0,0.3385944702799746
6156.0,0.34077793698385384
6168.0,0.34295028933011024
6180.0,0.34511113629244106
6192.0,0.34726008690991295
6204.0,0.34939675040261203
6216.0,0.35152073628795155
6228.0,0.3536316544975898
6240.0,0.3557291154949111
6252.0,0.35781273039301953
6264.0,0.35988211107319845
6276.0,0.3619368703037853
6288.0,0.3639766218594107
6300.0,0.36600098064055325
6312.0,0.3680095627933563
6324.0,0.3700019858296583
6336.0,0.3719778687471826
6348.0,0.3739368321498343
6360.0,0.37587849836805454
6372.0,0.37780249157917484
6384.0,0.3797084379277224
6396.0,0.38159596564562076
6408.0,0.383464705172232
6420.0,0.3853142892741885
6432.0,0.387144353164958
6444.0,0.3889545346240894
6456.0,0.3907444741160847
6468.0,0.39251381490884235
6480.0,0.3942622031916179
6492.0,0.3959892881924482
6504.0,0.39769472229498376
6516.0,0.39937816115467645
6528.0,0.4010392638142665
6540.0,0.4026776928185169
6552.0,0.4042931143281395
6564.0,0.4058851982328603
6576.0,0.40745361826357024
6588.0,0.4089980521035077
6600.0,0.41051818149842084
6612.0,0.41201369236565594
6624.0,0.4134842749021207
6636.0,0.41492962369106995
6648.0,0.4163494378076622
6660.0,0.41774342092323735
6672.0,0.41911128140826237
6684.0,0.42045273243389797
6696.0,0.4217674920721352
6708.0,0.4230552833944527
6720.0,0.4243158345689477
6732.0,0.42554887895589194
6744.0,0.4267541552016661
6756.0,0.42793140733102614
6768.0,0.4290803848376564
6780.0,0.43020084277296433
6792.0,0.4312925418330724
6804.0,0.4323552484439652
6816.0,0.433388734844748
6828.0,0.4343927791689758
6840.0,0.4353671655240124
6852.0,0.43631168406837983
6864.0,0.43722613108705854
6876.0,0.43811030906470133
6888.0,0.4389640267567242
6900.0,0.43978709925823783
6912.0,0.44057934807078525
6924.0,0.4413406011668515
6936.0,0.44207069305211366
6948.0,0.44276946482539886
6960.0,0.44343676423631967
6972.0,0.4440724457405588
6984.0,0.4446763705527734
6996.0,0.44524840669709337
7008.0,0.4457884290551876
7020.0,0.446296319411873
7032.0,0.44677196649824397
7044.0,0.4472152660322997
7056.0,0.4476261207570486
7068.0,0.4480044404760706
7080.0,0.4483501420865191
7092.0,0.44866314960954506
7104.0,0.44894339421812873
7116.0,0.44919081426230395
7128.0,0.44940535529176184
7140.0,0.44958697007582343
7152.0,0.44973561862076955
7164.0,0.4498512681845207
7176.0,0.4499338932886573
7188.0,0.44998347572777625
7200.0,0.4500000045761778
7212.0,0.44998347619187895
7224.0,0.449933894217953
7236.0,0.44985126958119215
7248.0,0.44973562048809657
7260.0,0.4495869724181894
7272.0,0.44940535811466287
7284.0,0.44919081757235985
7296.0,0.4489433980230966
7308.0,0.44866315391833517
7320.0,0.4483501469092128
7332.0,0.44800444582394117
7344.0,0.4476261266425838
7356.0,0.4472152724692271
7368.0,0.44677197350155895
7380.0,0.4462963269978691
7392.0,0.4457884372414892
7404.0,0.44524841550269145
7416.0,0.44467637999806375
7428.0,0.44407245584738286
7440.0,0.4434367750280085
7452.0,0.4427694763268199
7464.0,0.4420707052897203
7476.0,0.441340614168736
7488.0,0.4405793618667346
7500.0,0.43978711387979286
7512.0,0.43896404223724206
7524.0,0.4381103254394216
7536.0,0.43722614839317253
7548.0,0.4363117023451039
7560.0,0.4353671848126649
7572.0,0.4343927995130577
7584.0,0.43338875629002815
7596.0,0.43235527103856924
7608.0,0.43129256562757606
7620.0,0.43020086782049144
7632.0,0.4290804111939816
7644.0,0.4279314350546817
7656.0,0.42675418435405477
7668.0,0.425548909601404
7680.0,0.4243158667750839
7692.0,0.4230553172319526
7704.0,0.421767527615111
7716.0,0.4204527697599746
7728.0,0.41911132059872364
7740.0,0.4177434620631784
7752.0,0.4163494809861487
7764.0,0.41492966900130396
7776.0,0.413484322441614
7788.0,0.41201374223641024
7800.0,0.4105182338071163
7812.0,0.4089981069616987
7824.0,0.40745367578788994
7836.0,0.40588525854523355
7848.0,0.4042931775560045
7860.0,0.4026777590950564
7872.0,0.40103933327864805
7884.0,0.3993782339523029
7896.0,0.39769479857775414
7908.0,0.3959893681190288
7920.0,0.39426228692772497
7932.0,0.3925139026275356
7944.0,0.39074456599807333
7956.0,0.38895463085805
7968.0,0.3871444539478653
7980.0,0.38531439481165974
7992.0,0.3834648156788846
8004.0,0.3815960813454442
8016.0,0.3797085590544654
8028.0,0.3778026183767471
8040.0,0.3758786310909453
8052.0,0.3739369710635464
8064.0,0.3719780141286839
8076.0,0.3700021379678513
8088.0,0.3680097219895652
8100.0,0.36600114720903076
8112.0,0.36397679612786393
8124.0,0.3619370526139223
8136.0,0.3598823017812958
8148.0,0.35781292987051194
8160.0,0.35572932412900327
8172.0,0.35363187269189206
8184.0,0.3515209644631396
8196.0,0.349396988997112
8208.0,0.34726033638061227
8220.0,0.3451113971154263
8232.0,0.34295056200143337
8244.0,0.34077822202032637
8256.0,0.3385947682199925
8268.0,0.3364005915995983
8280.0,0.33419608299542647
8292.0,0.33198163296750977
8304.0,0.3297576316871058
8316.0,0.32752446882505887
8328.0,0.3252825334410886
8340.0,0.3230322138740519
8352.0,0.32077389763321595
8364.0,0.3185079712905868
8376.0,0.31623482037433026
8388.0,0.31395482926332774
8400.0,0.3116683810829017
8412.0,0.3093758576017515
8424.0,0.3070776391301346
8436.0,0.3047741044193287
8448.0,0.30246563056241044
8460.0,0.3001525928963844
8472.0,0.2978353649056943
8484.0,0.2955143181271502
8496.0,0.2931898220563007
8508.0,0.29086224405528177
8520.0,0.2885319492621707
8532.0,0.28619930050187264
8544.0,0.283864658198568
8556.0,0.28152838028974525
8568.0,0.2791908221418463
8580.0,0.2768523364675453
8592.0,0.27451327324468766
8604.0,0.27217397963690715
8616.0,0.26983479991594583
8628.0,0.2674960753856941
8640.0,0.26515814430796997
8652.0,0.2628213418300566
8664.0,0.2604859999140138
8676.0,0.25815244726777825
8688.0,0.2558210092780706
8700.0,0.2534920079451175
8712.0,0.25116576181920613
8724.0,0.24884258593908037
8736.0,0.24652279177218867
8748.0,0.24420668715679417
8760.0,0.24189457624595478
8772.0,0.23958675945338073
8784.0,0.23728353340117567
8796.0,0.23498519086946698
8808.0,0.23269202074792894
8820.0,0.2304043079892029
8832.0,0.22812233356421585
8844.0,0.22584637441939887
8856.0,0.22357670343580663
8868.0,0.2213135893901357
8880.0,0.21905729691764136
8892.0,0.21680808647694977
8904.0,0.21456621431676212
8916.0,0.21233193244444576
8928.0,0.2101054885965084
8940.0,0.2078871262109471
8952.0,0.20567708440146668
8964.0,0.2034755979335586
8976.0,0.20128289720243137
8988.0,0.19909920821278346
9000.0,0.19692475256040742
9012.0,0.194759747415614
9024.0,0.19260440550846455
9036.0,0.19045893511579834
9048.0,0.18832354005004034
9060.0,0.18619841964977732
9072.0,0.18408376877208385
9084.0,0.1819797777865847
9096.0,0.17988663257123647
9108.0,0.17780451450981
9120.0,0.1757336004910572
9132.0,0.1736740629095427
9144.0,0.17162606966812077
9156.0,0.16958978418203893
9168.0,0.16756536538464661
9180.0,0.16555296773468794
9192.0,0.16355274122515812
9204.0,0.16156483139369948
9216.0,0.1595893793345169
9228.0,0.1576265217117869
9240.0,0.15567639077453932
9252.0,0.15373911437298526
9264.0,0.15181481597626859
9276.0,0.14990361469161517
9288.0,0.14800562528485478
9300.0,0.14612095820229004
9312.0,0.14424971959388602
9324.0,0.14239201133775517
9336.0,0.14054793106590907
9348.0,0.1387175721912525
9360.0,0.1369010239357899
9372.0,0.1350983713600191
9384.0,0.13330969539348297
9396.0,0.1315350728664512
9408.0,0.12977457654270563
9420.0,0.12802827515339846
9432.0,0.12629623343195642
9444.0,0.12457851215000168
9456.0,0.12287516815426115
9468.0,0.12118625440443449
9480.0,0.11951182001199309
9492.0,0.11785191027987985
9504.0,0.1162065667430811
9516.0,0.11457582721004186
9528.0,0.11295972580489505
9540.0,0.11135829301047542
9552.0,0.10977155571208942
9564.0,0.10819953724201159
9576.0,0.10664225742467878
9588.0,0.1050997326225532
9600.0,0.10357197578262504
9612.0,0.10205899648352681
9624.0,0.10056080098322986
9636.0,0.09907739226729492
9648.0,0.09760877009764847
9660.0,0.0961549310618566
9672.0,0.0947158686228681
9684.0,0.0932915731691996
9696.0,0.09188203206553444
9708.0,0.09048722970370815
9720.0,0.08910714755405345
9732.0,0.08774176421707758
9744.0,0.08639105547544562
9756.0,0.08505499434624302
9768.0,0.08373355113349126
9780.0,0.08242669348089104
9792.0,0.0811343864247671
9804.0,0.07985659244718943
9816.0,0.07859327152924639
9828.0,0.07734438120444444
9840.0,0.07610987661221064
9852.0,0.07488971055147399
9864.0,0.0736838335343015
9876.0,0.07249219383956686
9888.0,0.07131473756662751
9900.0,0.07015140868898873
9912.0,0.06900214910793188
9924.0,0.06786689870608582
9936.0,0.06674559540091922
9948.0,0.0656381751981343
9960.0,0.06454457224493958
9972.0,0.0634647188831836
9984.0,0.0623985457023282
9996.0,0.061345981592243075
10008.0,0.0603069537958028
10020.0,0.05928138796126727
10032.0,0.05826920819442822
10044.0,0.05727033711050389
10056.0,0.056284695885765165
10068.0,0.055312204308875734
10080.0,0.054352780831931215
10092.0,0.053406342621180464
10104.0,0.05247280560741393
10116.0,0.051552084536004746
10128.0,0.050644093016587434
10140.0,0.049748743572360345
10152.0,0.04886594768899888
10164.0,0.047995615863165406
10176.0,0.04713765765060394
10188.0,0.0462919817138072
10200.0,0.04545849586924387
10212.0,0.04463710713413547
10224.0,0.04382772177277108
10236.0,0.04303024534235014
10248.0,0.04224458273834273
10260.0,0.04147063823935823
10272.0,0.040708315551512726
10284.0,0.03995751785228674
10296.0,0.03921814783386478
10308.0,0.0384901077459487
10320.0,0.03777329943803771
10332.0,0.03706762440116729
10344.0,0.03637298380910127
10356.0,0.035689278558969736
10368.0,0.035016409311347634
10380.0,0.03435427652976817
10392.0,0.03370278051966605
10404.0,0.03306182146674557
10416.0,0.032431299474769755
10428.0,0.03181111460276564
10440.0,0.03120116690164303
10452.0,0.030601356450222664
10464.0,0.030011583390671365
10476.0,0.029431747963341186
10488.0,0.028861750541010884
10500.0,0.028301491662526948
10512.0,0.02775087206584345
10524.0,0.027209792720458884
10536.0,0.02667815485924916
10548.0,0.026155860009696337
10560.0,0.025642810024512325
10572.0,0.025138907111657758
10584.0,0.024644053863756225
10596.0,0.024158153286904294
10608.0,0.02368110882887794
10620.0,0.023212824406736898
10632.0,0.022753204433827424
10644.0,0.0223021538461858
10656.0,0.021859578128343726
10668.0,0.021425383338537933
10680.0,0.020999476133326134
10692.0,0.02058176379161167
10704.0,0.020172154238079647
10716.0,0.0197705560660472
10728.0,0.019376878559731213
10740.0,0.018991031715936336
10752.0,0.018612926265167133
10764.0,0.018242473692167548
10776.0,0.017879586255891665
10788.0,0.01752417700890961
10800.0,0.017176159816252628
10812.0,0.016835449373701364
10824.0,0.016501961225522145
10836.0,0.016175611781655094
10848.0,0.015856318334359094
10860.0,0.015543999074318145
10872.0,0.015238573106213845
10884.0,0.014939960463769051
10896.0,0.014648082124267525
10908.0,0.014362860022554736
10920.0,0.014084217064524942
10932.0,0.013812077140099825
10944.0,0.01354636513570384
10956.0,0.013287006946241792
10968.0,0.01303392948658391
10980.0,0.01278706070256391
10992.0,0.012546329581495558
11004.0,0.012311666162213197
11016.0,0.01208300154464188
11028.0,0.011860267898902608
11040.0,0.01164339847395821
11052.0,0.011432327605805698
11064.0,0.011226990725220373
11076.0,0.011027324365057564
11088.0,0.010833266167117534
11100.0,0.010644754888579005
11112.0,0.010461730408007103
11124.0,0.010284133730941114
11136.0,0.010111906995067674
11148.0,0.009944993474984861
11160.0,0.009783337586562666
11172.0,0.009626884890905357
11184.0,0.009475582097920949
11196.0,0.009329377069503332
11208.0,0.009188218822332313
11220.0,0.009052057530296575
11232.0,0.008920844526545242
11244.0,0.008794532305172586
11256.0,0.008673074522541468
11268.0,0.008556425998250218
11280.0,0.008444542715747844
11292.0,0.008337381822602786
11304.0,0.008234901630429468
11316.0,0.008137061614477898
11328.0,0.00804382241289055
11340.0,0.007955145825631225
11352.0,0.007870994813090445
11364.0,0.007791333494371488
11376.0,0.007716127145261701
11388.0,0.007645342195893004
11400.0,0.007578946228095797
11412.0,0.007516907972450415
11424.0,0.007459197305039734
11436.0,0.007405785243907203
11448.0,0.007356643945223566
11460.0,0.007311746699166297
11472.0,0.00727106792551513
11484.0,0.007234583168967008
11496.0,0.007202269094174138
11508.0,0.007174103480508004
11520.0,0.007150065216552853
11532.0,0.007130134294331474
11544.0,0.00711429180326629
11556.0,0.0071025199238787685
11568.0,0.007094801921229658
11580.0,0.0070911221381029805
11592.0,0.0070914659879362536
11604.0,0.007095819947499363
11616.0,0.0071041715493246485
11628.0,0.00711650937389032
11640.0,0.007132823041559599
11652.0,0.007153103204277593
11664.0,0.007177341537027931
11676.0,0.007205530729051283
11688.0,0.007237664474827368
11700.0,0.0072737374648225335
11712.0,0.0073137453760043665
11724.0,0.007357684862125123
11736.0,0.007405553543775515
11748.0,0.007457349998210249
11760.0,0.007513073748946879
11772.0,0.0075727252551391795
11784.0,0.0076363059007264035
11796.0,0.007703817983359666
11808.0,0.007775264703106497
11820.0,0.007850650150934817
11832.0,0.007929979296977268
11844.0,0.00801325797857697
11856.0,0.008100492888115608
11868.0,0.008191691560624761
11880.0,0.0082868623611814
11892.0,0.00838601447208826
11904.0,0.008489157879840059
11916.0,0.008596303361876055
11928.0,0.008707462473119983
11940.0,0.008822647532307876
11952.0,0.008941871608104484
11964.0,0.009065148505009037
11976.0,0.00919249274905096
11988.0,0.009323919573276149
12000.0,0.009459444903024573
12012.0,0.009599085340999687
12024.0,0.009742858152130447
12036.0,0.009890781248226437
12048.0,0.010042873172426928
12060.0,0.01019915308344436
12072.0,0.010359640739603082
12084.0,0.010524356482674014
12096.0,0.010693321221505906
12108.0,0.010866556415454134
12120.0,0.011044084057607567
12132.0,0.011225926657814632
12144.0,0.011412107225509258
12156.0,0.011602649252337683
12168.0,0.011797576694587142
12180.0,0.01199691395541742
12192.0,0.012200685866896325
12204.0,0.012408917671840328
12216.0,0.0126216350054615
12228.0,0.012838863876822012
12240.0,0.013060630650097719
12252.0,0.013286962025651952
12264.0,0.013517885020921392
12276.0,0.013753426951115307
12288.0,0.0139936154097301
12300.0,0.014238478248880672
12312.0,0.014488043559450782
12324.0,0.014742339651064059
12336.0,0.015001395031877977
12348.0,0.015265238388202852
12360.0,0.015533898563948191
12372.0,0.01580740453989874
12384.0,0.016085785412822844
12396.0,0.01636907037441555
12408.0,0.016657288690079534
12420.0,0.016950469677546327
12432.0,0.017248642685341223
12444.0,0.017551837071094704
12456.0,0.017860082179703817
12468.0,0.018173407321346847
12480.0,0.01849184174935482
12492.0,0.01881541463794356
12504.0,0.019144155059810028
12516.0,0.019478091963596986
12528.0,0.01981725415123003
12540.0,0.02016167025513135
12552.0,0.020511368715314462
12564.0,0.020866377756364626
12576.0,0.021226725364309633
12588.0,0.021592439263385624
12600.0,0.021963546892703283
12612.0,0.022340075382819388
12624.0,0.022722051532218967
12636.0,0.023109501783713817
12648.0,0.023502452200762868
12660.0,0.023900928443720014
12672.0,0.02430495574601592
12684.0,0.02471455889027931
12696.0,0.025129762184404526
12708.0,0.025550589437571446
12720.0,0.025977063936224724
12732.0,0.02640920842001869
12744.0,0.02684704505773531
12756.0,0.027290595423181987
12768.0,0.027739880471076478
12780.0,0.028194920512926606
12792.0,0.028655735192911834
12804.0,0.029122343463774958
12816.0,0.029594763562731424
12828.0,0.03007301298740446
12840.0,0.030557108471794128
12852.0,0.03104706596228871
12864.0,0.03154290059372668
12876.0,0.03204462666551825
12888.0,0.032552257617834826
12900.0,0.03306580600787561
12912.0,0.033585283486220224
12924.0,0.0341107007732764
12936.0,0.0346420676358324
12948.0,0.03517939286372317
12960.0,0.035722684246620076
12972.0,0.03627194855095372
12984.0,0.03682719149697979
12996.0,0.03738841773599756
13008.0,0.03795563082773139
13020.0,0.03852883321788506
13032.0,0.03910802621587937
13044.0,0.039693209972783146
13056.0,0.04028438345944802
13068.0,0.040881544444857774
13080.0,0.04148468947470239
13092.0,0.042093813850187796
13104.0,0.04270891160709189
13116.0,0.04332997549507762
13128.0,0.04395699695727377
13140.0,0.04458996611013493
13152.0,0.04522887172359089
13164.0,0.045873701201496885
13176.0,0.04652444056239563
13188.0,0.04718107442060215
13200.0,0.04784358596762246
13212.0,0.04851195695391733
13224.0,0.04918616767102201
13236.0,0.04986619693403342
13248.0,0.05055202206447552
13260.0,0.051243618873554046
13272.0,0.051940961645812
13284.0,0.05264402312319656
13296.0,0.05335277448954871
13308.0,0.054067185355526466
13320.0,0.05478722374397291
13332.0,0.05551285607573923
13344.0,0.05624404715597467
13356.0,0.0569807601608933
13368.0,0.05772295662502858
13380.0,0.05847059642898669
13392.0,0.059223637787708346
13404.0,0.059982037239250545
13416.0,0.060745749634097713
13428.0,0.061514728125013046
13440.0,0.06228892415743974
13452.0,0.06306828746046245
13464.0,0.0638527660383384
13476.0,0.0646423061626082
13488.0,0.06543685236479585
13500.0,0.06623634742970684
13512.0,0.06704073238933447
13524.0,0.06784994651738237
13536.0,0.06866392732441284
13548.0,0.06948261055362942
13560.0,0.07030593017730202
13572.0,0.07113381839384304
13584.0,0.0719662056255424
13596.0,0.07280302051696934
13608.0,0.0736441899340487
13620.0,0.07448963896381862
13632.0,0.07533929091487737
13644.0,0.07619306731852551
13656.0,0.07705088793061043
13668.0,0.07791267073407956
13680.0,0.07877833194224784
13692.0,0.07964778600278577
13704.0,0.08052094560243339
13716.0,0.08139772167244495
13728.0,0.08227802339476972
13740.0,0.08316175820897329
13752.0,0.08404883181990326
13764.0,0.08493914820610395
13776.0,0.08583260962898324
13788.0,0.08672911664273476
13800.0,0.0876285681050189
13812.0,0.08853086118840449
13824.0,0.089435891392574
13836.0,0.09034355255729407
13848.0,0.09125373687615228
13860.0,0.09216633491106227
13872.0,0.09308123560753732
13884.0,0.09399832631073282
13896.0,0.09491749278225818
13908.0,0.0958386192177574
13920.0,0.0967615882652574
13932.0,0.09768628104428369
13944.0,0.0986125771657411
13956.0,0.09954035475255808
13968.0,0.10046949046109219
13980.0,0.10139985950329394
13992.0,0.102331335669626
14004.0,0.10326379135273425
14016.0,0.10419709757186649
14028.0,0.10513112399803469
14040.0,0.10606573897991621
14052.0,0.10700080957048816
14064.0,0.1079362015543899
14076.0,0.10887177947600754
14088.0,0.1098074066682738
14100.0,0.11074294528217657
14112.0,0.11167825631696912
14124.0,0.11261319965107343
14136.0,0.11354763407366991
14148.0,0.11448141731696374
14160.0,0.11541440608911958
14172.0,0.1163464561078553
14184.0,0.11727742213468467
14196.0,0.1182071580097992
14208.0,0.1191355166875785
14220.0,0.12006235027271803
14232.0,0.12098751005696305
14244.0,0.1219108465564373
14256.0,0.12283220954955351
14268.0,0.12375144811549414
14280.0,0.12466841067324874
14292.0,0.12558294502119494
14304.0,0.12649489837720979
14316.0,0.12740411741929625
14328.0,0.12831044832671198
14340.0,0.1292137368215846
14352.0,0.1301138282109985
14364.0,0.1310105674295383
14376.0,0.1319037990822723
14388.0,0.13279336748816076
14400.0,0.13367911672387173
14412.0,0.1345608906679883
14424.0,0.13543853304558967
14436.0,0.13631188747318923
14448.0,0.1371807975040114
14460.0,0.13804510667358988
14472.0,0.1389046585456684
14484.0,0.13975929675838628
14496.0,0.140608865070729
14508.0,0.14145320740922612
14520.0,0.14229216791487587
14532.0,0.14312559099027805
14544.0,0.14395332134695477
14556.0,0.14477520405283978
14568.0,0.1455910845799157
14580.0,0.1464008088519792
14592.0,0.1472042232925133
14604.0,0.14800117487264677
14616.0,0.14879151115917924
14628.0,0.14957508036265094
14640.0,0.15035173138543675
14652.0,0.15112131386984284
14664.0,0.15188367824618412
14676.0,0.1526386757808223
14688.0,0.15338615862414168
14700.0,0.1541259798584423
14712.0,0.1548579935457278
14724.0,0.1555820547753669
14736.0,0.15629801971160678
14748.0,0.15700574564091607
14760.0,0.1577050910191363
14772.0,0.15839591551841953
14784.0,0.15907808007393104
14796.0,0.15975144693029433
14808.0,0.16041587968775797
14820.0,0.1610712433480615
14832.0,0.16171740435997975
14844.0,0.1623542306645232
14856.0,0.162981591739774
14868.0,0.16359935864533512
14880.0,0.16420740406637263
14892.0,0.16480560235722902
14904.0,0.16539382958458748
14916.0,0.1659719635701657
14928.0,0.16653988393291907
14940.0,0.16709747213073262
14952.0,0.1676446115015814
14964.0,0.16818118730413956
14976.0,0.16870708675781804
14988.0,0.16922219908221148
15000.0,0.16972641553593468
15012.0,0.17021962945483032
15024.0,0.170701736289528
15036.0,0.171172633642337
15048.0,0.17163222130345412
15060.0,0.17208040128646857
15072.0,0.17251707786314646
15084.0,0.17294215759747775
15096.0,0.17335554937896794
15108.0,0.17375716445515896
15120.0,0.17414691646336197
15132.0,0.174524721461587
15144.0,0.17489049795865308
15156.0,0.17524416694346445
15168.0,0.17558565191343783
15180.0,0.17591487890206606
15192.0,0.1762317765056049
15204.0,0.17653627590886872
15216.0,0.17682831091012285
15228.0,0.17710781794505906
15240.0,0.17737473610984256
15252.0,0.177629007183219
15264.0,0.17787057564766937
15276.0,0.17809938870960307
15288.0,0.17831539631857807
15300.0,0.17851855118553847
15312.0,0.1787088088000608
15324.0,0.17888612744659907
15336.0,0.17905046821972154
15348.0,0.17920179503833025
15360.0,0.17934007465885696
15372.0,0.17946527668742807
15384.0,0.1795773735909925
15396.0,0.17967634070740715
15408.0,0.1797621562544741
15420.0,0.17983480133792534
15432.0,0.1798942599583511
15444.0,0.17994051901706737
15456.0,0.17997356832092085
15468.0,0.1799934005860276
15480.0,0.18000001144044445
15492.0,0.1799933994257709
15504.0,0.17997356599768166
15516.0,0.17994051552538873
15528.0,0.17989425529003356
15540.0,0.17983479548201037
15552.0,0.17976214919722155
15564.0,0.17967633243226747
15576.0,0.1795773640785728
15588.0,0.1794652659154528
15600.0,0.17934006260212254
15612.0,0.1792017816686538
15624.0,0.17905045350588367
15636.0,0.17888611135428062
15648.0,0.17870879129177328
15660.0,0.17851853222054823
15672.0,0.178315375852824
15684.0,0.1780993666956078
15696.0,0.17787055203444355
15708.0,0.17762898191615892
15720.0,0.1773747091306205
15732.0,0.1771077891915065
15744.0,0.1768282803161062
15756.0,0.17653624340415738
15768.0,0.1762317420157315
15780.0,0.1759148423481785
15792.0,0.17558561321214317
15804.0,0.17524412600666378
15816.0,0.17489045469336803
15828.0,0.17452467576977673
15840.0,0.17414686824173076
15852.0,0.17375711359495408
15864.0,0.17335549576576745
15876.0,0.17294210111096767
15888.0,0.17251701837688738
15900.0,0.1720803386676507
15912.0,0.1716321554126413
15924.0,0.1711725643331981
15936.0,0.17070166340855636
15948.0,0.17021955284105014
15960.0,0.1697263350205941
15972.0,0.16922211448846175
15984.0,0.1687069979003786
15996.0,0.16818109398894798
16008.0,0.1676445135254282
16020.0,0.16709736928087993
16032.0,0.1665397759867028
16044.0,0.1659718502945806
16056.0,0.16539371073585427
16068.0,0.16480547768034323
16080.0,0.16420727329463405
16092.0,0.16359922149985767
16104.0,0.16298144792897473
16116.0,0.16235407988359007
16128.0,0.16171724629031714
16140.0,0.1610710776567128
16152.0,0.16041570602680424
16164.0,0.15975126493622827
16176.0,0.15907788936700518
16188.0,0.158395715701968
16200.0,0.1577048816788687
16212.0,0.15700552634418294
16224.0,0.15629779000663524
16236.0,0.15558181419046552
16248.0,0.15485774158845947
16260.0,0.1541257160147641
16272.0,0.15338588235751027
16284.0,0.15263838653126371
16296.0,0.15188337542932676
16308.0,0.15112099687591204
16320.0,0.15035139957820978
16332.0,0.1495747330783708
16344.0,0.14879114770542595
16356.0,0.14800079452716433
16368.0,0.14720382530199097
16380.0,0.14640039243078545
16392.0,0.14559064890878273
16404.0,0.14477474827749734
16416.0,0.14395284457671131
16428.0,0.143125092296547
16440.0,0.14229164632964542
16452.0,0.14145266192347047
16464.0,0.14060829463275884
16476.0,0.13975870027213635
16488.0,0.1389040348689202
16500.0,0.1380444546161266
16512.0,0.1371801158257036
16524.0,0.13631117488200795
16536.0,0.13543778819554492
16548.0,0.13456011215699026
16560.0,0.13367830309151188
16572.0,0.13279251721341015
16584.0,0.1319029105810942
16596.0,0.13100963905241217
16608.0,0.13011285824035235
16620.0,0.1292127234691322
16632.0,0.1283093897306925
16644.0,0.12740301164161197
16656.0,0.12649374340045913
16668.0,0.12558173874559705
16680.0,0.12466715091345573
16692.0,0.12375013259728776
16704.0,0.12283083590642167
16716.0,0.12190941232602695
16728.0,0.120986012677405
16740.0,0.12006078707881954
16752.0,0.11913388490687925
16764.0,0.11820545475848601
16776.0,0.11727564441336052
16788.0,0.11634460079715754
16800.0,0.11541246994518271
16812.0,0.11447939696672142
16824.0,0.1135455260099911
16836.0,0.11261100022772719
16848.0,0.11167596174341254
16860.0,0.11074055161816018
16872.0,0.10980490981825841
16884.0,0.10886917518338671
16896.0,0.10793348539551154
16908.0,0.10699797694846909
16920.0,0.10606278511824296
16932.0,0.10512804393394386
16944.0,0.10419388614949757
16956.0,0.10326044321604795
16968.0,0.10232784525508053
16980.0,0.10139622103227178
16992.0,0.10046569793206962
17004.0,0.09953640193300939
17016.0,0.09860845758376927
17028.0,0.09768198797996926
17040.0,0.09675711474171665
17052.0,0.09583395799190117
17064.0,0.094912636335242
17076.0,0.09399326683808905
17088.0,0.0930759650089798
17100.0,0.09216084477995336
17112.0,0.09124801848862228
17124.0,0.09033759686100261
17136.0,0.08942968899510269
17148.0,0.08852440234526983
17160.0,0.0876218427072943
17172.0,0.08672211420426998
17184.0,0.08582531927320954
17196.0,0.08493155865241281
17208.0,0.08404093136958618
17220.0,0.08315353473070984
17232.0,0.08226946430965096
17244.0,0.0813888139385186
17256.0,0.08051167569875715
17268.0,0.07963813991297466
17280.0,0.07876829513750111
17292.0,0.07790222815567248
17304.0,0.07704002397183567
17316.0,0.07618176580606881
17328.0,0.07532753508961146
17340.0,0.07447741146099915
17352.0,0.07363147276289568
17364.0,0.0727897950396169
17376.0,0.07195245253533947
17388.0,0.07111951769298722
17400.0,0.07029106115378823
17412.0,0.06946715175749481
17424.0,0.06864785654325867
17436.0,0.0678332407511536
17448.0,0.06702336782433684
17460.0,0.06621829941184108
17472.0,0.06541809537198823
17484.0,0.06462281377641603
17496.0,0.06383251091470858
17508.0,0.06304724129962101
17520.0,0.06226705767288932
17532.0,0.061492011011615264
17544.0,0.060722150535216624
17556.0,0.05995752371293286
17568.0,0.05919817627187573
17580.0,0.05844415220561481
17592.0,0.05769549378328707
17604.0,0.05695224155922033
17616.0,0.05621443438305928
17628.0,0.05548210941038386
17640.0,0.05475530211380833
17652.0,0.05403404629455043
17664.0,0.053318374094459296
17676.0,0.052608316008490516
17688.0,0.051903900897617844
17700.0,0.051205156002169114
17712.0,0.05051210695557547
17724.0,0.04982477779852227
17736.0,0.04914319099349002
17748.0,0.04846736743967355
17760.0,0.047797326488268115
17772.0,0.047133085958110325
17784.0,0.04647466215166235
17796.0,0.04582206987132766
17808.0,0.045175322436086664
17820.0,0.044534431698440194
17832.0,0.04389940806164943
17844.0,0.04327026049726025
17856.0,0.04264699656290058
17868.0,0.04202962242033883
17880.0,0.04141814285379179
17892.0,0.04081256128847073
17904.0,0.04021287980935357
17916.0,0.03961909918017206
17928.0,0.03903121886260237
17940.0,0.03844923703564769
17952.0,0.03787315061520146
17964.0,0.03730295527378033
17976.0,0.03673864546041516
17988.0,0.03618021442068938
18000.0,0.03562765421691368
18012.0,0.03508095574842589
18024.0,0.034540108772005675
18036.0,0.03400510192239302
18048.0,0.03347592273290005
18060.0,0.03295255765610578
18072.0,0.032434992084623464
18084.0,0.031923210371930154
18096.0,0.03141719585324872
18108.0,0.030916930866472028
18120.0,0.03042239677311965
18132.0,0.029933573979317476
18144.0,0.029450441956790425
18156.0,0.028972979263859305
18168.0,0.028501163566432074
18180.0,0.028034971658980837
18192.0,0.027574379485495362
18204.0,0.027119362160404503
18216.0,0.026669893989456742
18228.0,0.026225948490551734
18240.0,0.025787498414514026
18252.0,0.025354515765801347
18264.0,0.02492697182313923
18276.0,0.024504837160074112
18288.0,0.024088081665437678
18300.0,0.023676674563714507
18312.0,0.023270584435306135
18324.0,0.02286977923668422
18336.0,0.022474226320426127
18348.0,0.022083892455125775
18360.0,0.021698743845173802
18372.0,0.021318746150400143
18384.0,0.02094386450557297
18396.0,0.02057406353974818
18408.0,0.020209307395463387
18420.0,0.019849559747770723
18432.0,0.019494783823103268
18444.0,0.019144942417969497
18456.0,0.018799997917470782
18468.0,0.018459912313637094
18480.0,0.018124647223575967
18492.0,0.01779416390743039
18504.0,0.01746842328614103
18516.0,0.01714738595900877
18528.0,0.01683101222105333
18540.0,0.016519262080164316
18552.0,0.01621209527404091
18564.0,0.015909471286916752
18576.0,0.015611349366066663
18588.0,0.015317688538092032
18600.0,0.015028447624982007
18612.0,0.014743585259947468
18624.0,0.014463059903025417
18636.0,0.014186829856451038
18648.0,0.013914853279795325
18660.0,0.013647088204865987
18672.0,0.01338349255036976
18684.0,0.013124024136334176
18696.0,0.012868640698287314
18708.0,0.012617299901193748
18720.0,0.012369959353145629
18732.0,0.012126576618807432
18744.0,0.01188710923261352
18756.0,0.011651514711717416
18768.0,0.011419750568692271
18780.0,0.01119177432398157
18792.0,0.010967543518099915
18804.0,0.010747015723583312
18816.0,0.010530148556688821
18828.0,0.010316899688843561
18840.0,0.010107226857842962
18852.0,0.009901087878798554
18864.0,0.009698440654835553
18876.0,0.009499243187540682
18888.0,0.009303453587160669
18900.0,0.009111030082552285
18912.0,0.008921931030884407
18924.0,0.00873611492709323
18936.0,0.008553540413091462
18948.0,0.008374166286732638
18960.0,0.008197951510531787
18972.0,0.008024855220143633
18984.0,0.007854836732599834
18996.0,0.007687855554306642
19008.0,0.007523871388804647
19020.0,0.007362844144292143
19032.0,0.007204733940914016
19044.0,0.007049501117817808
19056.0,0.006897106239978997
19068.0,0.0067475101047974
19080.0,0.006600673748466801
19092.0,0.006456558452119839
19104.0,0.006315125747750519
19116.0,0.006176337423916419
19128.0,0.006040155531223023
19140.0,0.005906542387592557
19152.0,0.005775460583319708
19164.0,0.005646872985916817
19176.0,0.005520742744750993
19188.0,0.005397033295475797
19200.0,0.005275708364260141
19212.0,0.005156731971817059
19224.0,0.005040068437235107
19236.0,0.004925682381615156
19248.0,0.0048135387315153535
19260.0,0.004703602722207128
19272.0,0.004595839900745084
19284.0,0.004490216128853689
19296.0,0.004386697585633698
19308.0,0.0042852507700912494
19320.0,0.004185842503492581
19332.0,0.0040884399315474365
19344.0,0.003993010526424074
19356.0,0.00389952208859898
19368.0,0.0038079427485443185
19380.0,0.003718240968256118
19392.0,0.00363038554262632
19404.0,0.0035443456006617313
19416.0,0.0034600906065529458
19428.0,0.0033775903605963316
19440.0,0.0032968149999721666
19452.0,0.0032177349993819885
19464.0,0.003140321171548245
19476.0,0.0030645446675793084
19488.0,0.0029903769772029903
19500.0,0.0029177899288714624
19512.0,0.0028467556897408723
19524.0,0.0027772467655284372
19536.0,0.0027092360002502797
19548.0,0.002642696575842887
19560.0,0.002577602011671207
19572.0,0.0025139261639264736
19584.0,0.00245164322491657
19596.0,0.0023907277222520538
19608.0,0.0023311545179306573
19620.0,0.00227289880732321
19632.0,0.0022159361180639197
19644.0,0.0021602423088477782
19656.0,0.002105793568138057
19668.0,0.002052566412786617
19680.0,0.0020005376865698406
19692.0,0.0019496845586430154
19704.0,0.001899984521915786
19716.0,0.001851415391351511
19728.0,0.0018039553021930819
19740.0,0.0017575827081179388
19752.0,0.0017122763793248606
19764.0,0.0016680154005550847
19776.0,0.0016247791690503623
19788.0,0.001582547392450412
19800.0,0.00154130008663228
19812.0,0.0015010175734940625
19824.0,0.001461680478685344
19836.0,0.0014232697292868215
19848.0,0.001385766551441342
19860.0,0.0013491524679387524
19872.0,0.0013134092957567817
19884.0,0.0012785191435601613
19896.0,0.0012444644091602385
19908.0,0.001211227776937163
19920.0,0.001178792215226817
19932.0,0.0011471409736745484
19944.0,0.0011162575805577046
19956.0,0.0010861258400790502
19968.0,0.0010567298296329268
19980.0,0.0010280538970461764
19992.0,0.0010000826577956203
20004.0,0.000972800992204003
20016.0,0.000946194042616181
20028.0,0.0009202472105572952
20040.0,0.0008949461538747156
20052.0,0.0008702767838653745
20064.0,0.0008462252623901876
20076.0,0.000822777998977165
20088.0,0.0007999216479147427
20100.0,0.0007776431053369334
20112.0,0.0007559295063017289
20124.0,0.0007347682218642546
20136.0,0.0007141468561460714
20148.0,0.0006940532434020077
20160.0,0.0006744754450858811
20172.0,0.000655401746916389
20184.0,0.0006368206559444734
20196.0,0.0006187208976233507
20208.0,0.000601091412882443
20220.0,0.0005839213552063533
20232.0,0.0005672000877199996
20244.0,0.0005509171802810272
20256.0,0.0005350624065805246
20268.0,0.0005196257412530859
20280.0,0.0005045973569972005
20292.0,0.0004899676217069122
20304.0,0.0004757270956156929
20316.0,0.00046186652845338973
20328.0,0.00044837685661712245
20340.0,0.00043524920035695305
20352.0,0.00042247486097709755
20364.0,0.0004100453180534755
20376.0,0.0003979522266682937
20388.0,0.00038618741466239586
20400.0,0.00037474287990601823
20412.0,0.0003636107875886177
20424.0,0.00035278346752837795
20436.0,0.00034225341150196655
20448.0,0.0003320132705951244
20460.0,0.00032205585257459097
20472.0,0.00031237411928189163
20484.0,0.00030296118404945436
20496.0,0.0002938103091395025
20508.0,0.0002849149032061657
20520.0,0.0002762685187811937
20532.0,0.0002678648497836657
20544.0,0.0002596977290540434
20556.0,0.00025176112591289467
20568.0,0.00024404914374461003
20580.0,0.00023655601760638254
20592.0,0.0002292761118627288
20604.0,0.0002222039178457938
20616.0,0.00021533405154165175
20628.0,0.00020866125130282684
20640.0,0.00020218037558719575
20652.0,0.00019588640072345807
20664.0,0.00018977441870330182
20676.0,0.00018383963500040896
20688.0,0.00017807736641640217
20700.0,0.00017248303895382673
20712.0,0.00016705218571625298
20724.0,0.00016178044483554789
20736.0,0.00015666355742637286
20748.0,0.0001516973655679326
20760.0,0.00014687781031298667
20772.0,0.00014220092972413613
20784.0,0.0001376628569373577
20796.0,0.0001332598182527737
20808.0,0.00012898813125261015
20820.0,0.0001248442029462913
20832.0,0.00012082452794261427
20844.0,0.00011692568664891814
20856.0,0.00011314434349717233
20868.0,0.00010947724519687513
20880.0,0.00010592121901466523
20892.0,0.00010247317108052249
20904.0,9.913008472042957e-5
20916.0,9.588901881536401e-5
20928.0,9.274710618646716e-5
20940.0,8.970155200624258e-5
20952.0,8.674963223561921e-5
20964.0,8.388869208670637e-5
20976.0,8.111614451106972e-5
20988.0,7.842946871333723e-5
21000.0,7.582620868994822e-5
21012.0,7.330397179284684e-5
21024.0,7.086042731791415e-5
21036.0,6.849330511793349e-5
21048.0,6.620039423987002e-5
21060.0,6.397954158624738e-5
21072.0,6.182865060039636e-5
21084.0,5.974567997534318e-5
21096.0,5.7728642386109164e-5
21108.0,5.577560324517743e-5
21120.0,5.388467948089248e-5
21132.0,5.205403833854129e-5
21144.0,5.028189620387243e-5
21156.0,4.856651744880055e-5
21168.0,4.6906213299041706e-5
21180.0,4.529934072342626e-5
21192.0,4.374430134462699e-5
21204.0,4.2239540371046046e-5
21216.0,4.078354554959675e-5
21228.0,3.9374846139115194e-5
21240.0,3.8012011904140394e-5
21252.0,3.6693652128792525e-5
21264.0,3.5418414650484953e-5
21276.0,3.418498491320161e-5
21288.0,3.299208504006956e-5
21300.0,3.1838472924960114e-5
21312.0,3.0722941342847084e-5
21324.0,2.9644317078654778e-5
21336.0,2.8601460074324665e-5
21348.0,2.759326259383304e-5
21360.0,2.6618648405890715e-5
21372.0,2.5676571984055324e-5
21384.0,2.4766017723991247e-5
21396.0,2.3885999177607446e-5
21408.0,2.3035558303809842e-5
21420.0,2.221376473560236e-5
21432.0,2.1419715063272384e-5
21444.0,2.0652532133399815e-5
21456.0,1.9911364363426847e-5
21468.0,1.9195385071530602e-5
21480.0,1.8503791821539427e-5
21492.0,1.7835805782636664e-5
21504.0,1.7190671103597956e-5
21516.0,1.656765430130826e-5
21528.0,1.596604366330882e-5
21540.0,1.5385148664123918e-5
21552.0,1.4824299395121732e-5
21564.0,1.4282846007664043e-5
21576.0,1.37601581693018e-5
21588.0,1.3255624532777445e-5
21600.0,1.2768652217594533e-5
